pranum_pra,praspe_pra,specialite_label,secteur,nb_jours_actifs,nb_actes_total,actes_par_jour_moyen,actes_par_jour_max,ecart_type_actes_jour,part_actes_weekend_pct,zscore_actes_jour,nb_beneficiaires_uniques,actes_par_beneficiaire,nb_actes_post_mortem,nb_beneficiaires_fictifs,part_patients_ald_pct,montant_moyen_acte,montant_total_facture,taux_depassement_pct,evolution_montant_pct,zscore_depassement,nb_actes_distincts,nb_actes_incompatibles,part_incompatibles_pct,nb_pharmacies_distinctes,concentration_pharmacie_pct,score_anomalie,anomalie_predite,score_brut,PRANUM_PRA,ANOMALIE_ANY,S1_SURACTIVITE,S2_ACTE_FANTOME,S3_INCOHERENCE_SPECIALITE,S4_ANOMALIE_TARIFAIRE,S5_RESEAU_ATYPIQUE,SEVERITY
PRA000001,1,MG,1,347,6563,18.91,47,9.92,8.82,-0.99,205,32.01,50,0,14.92,31.12,204250.25,0.0,-6.69,-0.16,2,0,0.0,13,92.86,0.25048843352179195,1,-0.4596831610204948,PRA000001,1,0,0,0,0,1,MEDIUM
PRA000002,1,MG,1,346,6773,19.58,44,10.57,8.43,0.06,175,38.7,62,0,13.42,31.15,210980.75,0.0,-12.84,-0.16,2,0,0.0,13,35.03,0.1078856195252772,0,-0.40684035934904145,PRA000002,0,0,0,0,0,0,NONE
PRA000003,1,MG,1,345,6732,19.51,41,9.96,9.05,-0.05,209,32.21,99,0,19.61,31.2,210023.75,0.0,-13.26,-0.16,2,0,0.0,10,36.28,0.040138841890020364,0,-0.38173615955009904,PRA000003,0,0,0,0,0,0,NONE
PRA000004,1,MG,1,349,6642,19.03,41,10.0,9.33,-0.8,189,35.14,27,0,18.07,31.12,206676.75,0.0,-15.37,-0.16,2,0,0.0,8,36.51,0.08062769601168565,0,-0.39673968176886715,PRA000004,0,0,0,0,0,0,NONE
PRA000005,1,MG,3,352,6680,18.98,42,10.26,8.65,-0.76,215,31.07,86,0,16.06,41.91,279975.59,34.63,-13.72,-1.85,2,0,0.0,14,34.34,0.16075972189411236,0,-0.42643335072648203,PRA000005,0,0,0,0,0,0,NONE
PRA000006,1,MG,1,346,6831,19.74,42,10.08,8.94,0.31,201,33.99,44,0,13.47,31.07,212212.5,0.0,-11.44,-0.16,2,0,0.0,14,33.08,0.02132781965261959,0,-0.37476555995623295,PRA000006,0,0,0,0,0,0,NONE
PRA000007,1,MG,1,345,6679,19.36,44,9.89,8.76,-0.28,195,34.25,40,0,13.89,31.05,207361.25,0.0,-11.57,-0.16,2,0,0.0,14,31.01,0.014357253106521934,0,-0.3721825515624287,PRA000007,0,0,0,0,0,0,NONE
PRA000008,1,MG,1,346,6851,19.8,44,10.32,8.73,0.4,208,32.94,82,0,11.91,31.05,212751.75,0.0,-14.07,-0.16,2,0,0.0,14,32.98,0.04632908575598562,0,-0.3840300121027922,PRA000008,0,0,0,0,0,0,NONE
PRA000009,1,MG,1,343,6770,19.74,43,10.12,8.51,0.31,208,32.55,118,0,11.96,31.18,211067.75,0.0,-12.11,-0.16,2,0,0.0,9,33.07,0.07387848265791441,0,-0.3942386978633155,PRA000009,0,0,0,0,0,0,NONE
PRA000010,1,MG,1,345,6637,19.24,48,9.9,9.09,-0.47,183,36.27,47,0,16.29,31.15,206757.0,0.0,-11.91,-0.16,2,0,0.0,13,35.24,0.05373630372904771,0,-0.38677482575210287,PRA000010,0,0,0,0,0,0,NONE
PRA000011,1,MG,1,348,6718,19.3,44,9.98,9.14,-0.38,217,30.96,38,0,14.08,31.05,208598.25,0.0,-10.89,-0.16,2,0,0.0,14,32.37,0.030020479177868285,0,-0.3779867059520014,PRA000011,0,0,0,0,0,0,NONE
PRA000012,1,MG,1,347,6858,19.76,45,10.28,9.36,0.34,238,28.82,7,0,15.81,31.12,213409.0,0.0,-16.49,-0.16,2,0,0.0,14,32.14,0.15190042678067184,0,-0.42315045636059767,PRA000012,0,0,0,0,0,0,NONE
PRA000013,1,MG,1,343,6693,19.51,47,10.17,8.65,-0.05,192,34.86,67,0,11.01,31.1,208157.75,0.0,-11.51,-0.16,2,0,0.0,9,36.76,0.02377542811071809,0,-0.37567254408014955,PRA000013,0,0,0,0,0,0,NONE
PRA000014,1,MG,1,349,6689,19.17,43,10.09,8.88,-0.58,204,32.79,24,0,16.39,31.08,207876.0,0.0,-12.53,-0.16,2,0,0.0,10,92.43,0.16842719505241027,0,-0.4292746043600536,PRA000014,1,0,0,0,0,1,MEDIUM
PRA000015,1,MG,1,347,6733,19.4,45,10.11,8.63,-0.22,196,34.35,28,0,10.71,31.13,209587.75,0.0,-12.42,-0.16,2,0,0.0,11,34.27,0.009512979420609795,0,-0.370387460803328,PRA000015,0,0,0,0,0,0,NONE
PRA000016,1,MG,1,342,6831,19.97,44,10.04,8.62,0.67,210,32.53,18,0,16.03,31.09,212388.25,0.0,-13.7,-0.16,2,0,0.0,9,36.89,0.03681055694389069,0,-0.3805028325463366,PRA000016,0,0,0,0,0,0,NONE
PRA000017,1,MG,3,346,6630,19.16,47,9.9,9.1,-0.48,205,32.34,13,0,9.82,42.12,279259.51,35.1,-14.6,0.37,2,0,0.0,9,34.62,0.08937590976213837,0,-0.39998141390050623,PRA000017,0,0,0,0,0,0,NONE
PRA000018,1,MG,1,350,6716,19.19,42,10.23,8.68,-0.55,177,37.94,53,0,14.09,121.48,815847.17,290.83,-12.35,8.05,2,0,0.0,8,37.97,0.6124021980515995,1,-0.593793679216055,PRA000018,1,0,0,0,1,0,HIGH
PRA000019,1,MG,3,350,6830,19.51,51,10.26,9.03,0.07,207,33.0,72,0,18.86,42.17,287997.92,35.16,-15.48,0.65,2,0,0.0,9,36.5,0.11719670653228582,0,-0.41029066941142933,PRA000019,0,0,0,0,0,0,NONE
PRA000020,1,MG,1,349,6685,19.15,42,9.98,9.35,-0.61,186,35.94,46,0,18.53,31.15,208223.25,0.0,-15.23,-0.16,2,0,0.0,12,34.56,0.07305270138326792,0,-0.3939326969163692,PRA000020,0,0,0,0,0,0,NONE
PRA000021,1,MG,1,345,6825,19.78,42,10.08,8.86,0.37,216,31.6,142,0,16.44,31.1,212275.5,0.0,-13.82,-0.16,2,0,0.0,14,30.61,0.12536284472857173,0,-0.4133167080219897,PRA000021,0,0,0,0,0,0,NONE
PRA000022,1,MG,1,349,6731,19.29,42,10.33,8.87,-0.39,179,37.6,156,0,15.72,31.17,209803.0,0.0,-11.04,-0.16,2,0,0.0,9,33.25,0.1518084358966074,0,-0.42311636828122556,PRA000022,0,0,0,0,0,0,NONE
PRA000023,1,MG,1,343,6808,19.85,48,10.21,9.05,0.48,194,35.09,100,0,20.2,31.11,211806.5,0.0,-15.36,-0.16,2,0,0.0,14,32.75,0.08501238881895876,0,-0.3983644705504591,PRA000023,0,0,0,0,0,0,NONE
PRA000024,1,MG,3,349,6504,18.64,39,9.87,8.89,-1.29,186,34.97,94,0,12.72,41.96,272904.42,35.11,-14.39,0.41,2,0,0.0,12,37.21,0.18423170919874074,0,-0.4351311143625044,PRA000024,0,0,0,0,0,0,NONE
PRA000025,1,MG,3,344,6676,19.41,48,10.01,9.09,-0.09,186,35.89,46,0,17.65,41.94,280009.42,34.7,-9.12,-1.52,2,0,0.0,10,33.58,0.13308481018821633,0,-0.4161781542856503,PRA000025,0,0,0,0,0,0,NONE
PRA000026,1,MG,3,350,6683,19.09,43,10.04,8.9,-0.59,180,37.13,8,0,17.09,42.06,281108.05,35.12,-12.6,0.46,2,0,0.0,10,36.29,0.12729108507754477,0,-0.4140312354529713,PRA000026,1,0,1,0,0,0,HIGH
PRA000027,1,MG,1,341,6745,19.78,41,9.98,8.44,0.37,204,33.06,53,0,14.8,31.16,210146.25,0.0,-14.67,-0.16,2,0,0.0,9,38.44,0.051014515573886844,0,-0.38576624178630264,PRA000027,0,0,0,0,0,0,NONE
PRA000028,1,MG,1,345,6811,19.74,44,10.16,9.13,0.31,214,31.83,48,0,17.06,31.16,212246.75,0.0,-13.15,-0.16,2,0,0.0,12,33.33,0.02219110669735639,0,-0.37508545901581025,PRA000028,0,0,0,0,0,0,NONE
PRA000029,1,MG,1,346,6709,19.39,45,9.87,9.17,-0.24,198,33.88,41,0,13.13,31.07,208424.5,0.0,-10.78,-0.16,2,0,0.0,15,33.92,0.04784992981462357,0,-0.38459357504178004,PRA000029,0,0,0,0,0,0,NONE
PRA000030,1,MG,1,350,7711,22.03,80,13.41,8.81,3.89,205,37.61,56,0,15.37,31.2,240620.0,0.0,-18.67,-0.16,2,0,0.0,13,34.27,0.3664199342211035,1,-0.5026426589941981,PRA000030,1,1,0,0,0,0,HIGH
PRA000031,1,MG,1,346,6722,19.43,45,9.94,8.94,-0.17,200,33.61,57,0,9.06,31.05,208713.5,0.0,-13.14,-0.16,2,0,0.0,10,34.5,0.0,0,-0.36686233762560316,PRA000031,0,0,0,0,0,0,NONE
PRA000032,1,MG,3,347,6716,19.35,54,10.23,8.95,-0.18,199,33.75,34,0,13.09,42.1,282756.15,35.42,-12.67,1.87,2,0,0.0,12,33.85,0.1320783439192881,0,-0.41580519883023215,PRA000032,0,0,0,0,0,0,NONE
PRA000033,1,MG,3,346,6689,19.33,45,10.02,8.87,-0.21,198,33.78,13,0,14.22,42.2,282288.92,35.31,-10.78,1.35,2,0,0.0,9,38.21,0.11637482989673577,0,-0.4099861153648883,PRA000033,0,0,0,0,0,0,NONE
PRA000034,1,MG,1,347,6816,19.64,41,10.32,8.96,0.15,210,32.46,41,0,14.85,31.08,211861.25,0.0,-12.98,-0.16,2,0,0.0,9,36.79,0.021037356812570115,0,-0.3746579262439695,PRA000034,0,0,0,0,0,0,NONE
PRA000035,1,MG,1,347,6830,19.68,45,10.36,8.58,0.22,217,31.47,26,0,16.98,31.13,212583.75,0.0,-11.88,-0.16,2,0,0.0,14,32.27,0.04444068441907647,0,-0.38333024738899885,PRA000035,0,0,0,0,0,0,NONE
PRA000036,1,MG,3,348,6702,19.26,46,9.95,9.21,-0.32,226,29.65,84,0,14.61,41.98,281360.33,34.73,-15.3,-1.37,2,0,0.0,11,34.28,0.1933500376842432,0,-0.43850999595839174,PRA000036,0,0,0,0,0,0,NONE
PRA000037,1,MG,1,344,6819,19.82,44,10.15,9.05,0.43,201,33.93,83,0,17.25,31.14,212366.25,0.0,-14.28,-0.16,2,0,0.0,9,35.13,0.0359595447491114,0,-0.3801874820468029,PRA000037,0,0,0,0,0,0,NONE
PRA000038,1,MG,1,346,6713,19.4,50,10.19,9.04,-0.22,189,35.52,93,0,14.75,31.03,208336.25,0.0,-8.29,-0.16,2,0,0.0,15,32.4,0.12128491132362834,0,-0.4118055917956852,PRA000038,0,0,0,0,0,0,NONE
PRA000039,1,MG,1,348,6807,19.56,44,10.2,8.98,0.03,234,29.09,71,0,17.47,31.23,212566.25,0.0,-9.85,-0.16,2,0,0.0,10,36.16,0.07952055503509539,0,-0.39632942036231644,PRA000039,0,0,0,0,0,0,NONE
PRA000040,1,MG,1,350,6743,19.27,46,10.25,8.66,-0.42,215,31.36,48,0,14.03,31.18,210259.75,0.0,-11.44,-0.16,2,0,0.0,9,35.19,0.01892363570092314,0,-0.37387466718784557,PRA000040,0,0,0,0,0,0,NONE
PRA000041,1,MG,1,345,6732,19.51,47,10.6,8.67,-0.05,217,31.02,57,0,18.52,31.08,209209.75,0.0,-15.25,-0.16,2,0,0.0,13,93.19,0.22473200040681302,0,-0.4501388747002252,PRA000041,1,0,0,0,0,1,MEDIUM
PRA000042,1,MG,1,345,6865,19.9,48,10.23,9.21,0.56,185,37.11,65,0,11.74,31.04,213085.75,0.0,-9.64,-0.16,2,0,0.0,8,37.3,0.08941577345123765,0,-0.3999961857619999,PRA000042,0,0,0,0,0,0,NONE
PRA000043,1,MG,1,349,6886,19.73,53,10.72,9.27,0.29,196,35.13,99,0,15.34,31.16,214558.0,0.0,-14.47,-0.16,2,0,0.0,9,38.58,0.10846163988219829,0,-0.4070538090603511,PRA000043,0,0,0,0,0,0,NONE
PRA000044,1,MG,3,341,6716,19.7,49,9.91,9.04,0.37,222,30.25,79,0,15.11,41.9,281413.71,35.06,-13.82,0.18,2,0,0.0,9,36.75,0.10395219864532998,0,-0.4053827935856163,PRA000044,0,0,0,0,0,0,NONE
PRA000045,1,MG,1,346,6689,19.33,44,10.12,8.93,-0.33,210,31.85,1,0,18.69,31.16,208412.5,0.0,-12.15,-0.16,2,0,0.0,15,32.57,0.05429784463714808,0,-0.38698290996871504,PRA000045,0,0,0,0,0,0,NONE
PRA000046,1,MG,1,348,6665,19.15,40,9.87,8.97,-0.61,214,31.14,74,0,15.17,31.24,208183.5,0.0,-13.61,-0.16,2,0,0.0,9,34.64,0.02377503839062216,0,-0.3756723996657361,PRA000046,0,0,0,0,0,0,NONE
PRA000047,1,MG,1,350,6708,19.17,42,10.47,8.75,-0.58,225,29.81,90,0,16.4,31.18,209147.25,0.0,-17.57,-0.16,2,0,0.0,15,32.66,0.13236509201537316,0,-0.41591145600950113,PRA000047,0,0,0,0,0,0,NONE
PRA000048,1,MG,3,347,6745,19.44,44,10.29,9.01,-0.04,188,35.88,58,0,15.67,41.93,282797.7,34.58,-9.6,-2.08,2,0,0.0,8,36.61,0.14237483783382593,0,-0.41962066060541525,PRA000048,0,0,0,0,0,0,NONE
PRA000049,1,MG,1,348,6718,19.3,42,10.09,8.78,-0.38,191,35.17,108,0,14.57,31.13,209144.0,0.0,-13.22,-0.16,2,0,0.0,14,30.75,0.06420608072701282,0,-0.39065449918871076,PRA000049,0,0,0,0,0,0,NONE
PRA000050,1,MG,1,345,6743,19.54,40,9.9,8.82,0.0,206,32.73,37,0,13.66,31.12,209834.25,0.0,-12.87,-0.16,2,0,0.0,13,33.37,0.015150634987325029,0,-0.3724765466120497,PRA000050,0,0,0,0,0,0,NONE
PRA000051,1,MG,1,347,6704,19.32,42,10.01,9.13,-0.35,238,28.17,42,0,16.12,31.14,208773.0,0.0,-12.82,-0.16,2,0,0.0,13,35.09,0.087869605357853,0,-0.39942323876593677,PRA000051,0,0,0,0,0,0,NONE
PRA000052,1,MG,1,343,6681,19.48,46,10.1,8.59,-0.1,202,33.07,107,0,10.9,31.04,207368.0,0.0,-7.18,-0.16,2,0,0.0,14,31.61,0.10157820429480405,0,-0.40450308785528577,PRA000052,0,0,0,0,0,0,NONE
PRA000053,1,MG,1,343,6623,19.31,38,9.57,9.03,-0.36,204,32.47,36,0,12.12,31.15,206321.25,0.0,-13.14,-0.16,2,0,0.0,12,31.69,0.02548267511490082,0,-0.3763051803677365,PRA000053,0,0,0,0,0,0,NONE
PRA000054,1,MG,3,348,6847,19.68,45,10.31,8.79,0.33,199,34.41,0,0,15.8,42.14,288554.75,35.09,-12.45,0.32,2,0,0.0,11,33.53,0.0976194479517887,0,-0.4030361337999143,PRA000054,0,0,0,0,0,0,NONE
PRA000055,1,MG,3,347,6729,19.39,42,9.91,8.32,-0.12,195,34.51,27,0,18.46,41.98,282465.88,35.02,-13.39,-0.01,2,0,0.0,15,33.92,0.09873532731550488,0,-0.40344963329724937,PRA000055,0,0,0,0,0,0,NONE
PRA000056,1,MG,1,340,6752,19.86,48,10.18,8.52,0.5,221,30.55,52,0,9.92,31.05,209619.5,0.0,-12.68,-0.16,2,0,0.0,11,34.32,0.05320622144509892,0,-0.3865783988218395,PRA000056,0,0,0,0,0,0,NONE
PRA000057,1,MG,1,347,6648,19.16,42,10.05,8.89,-0.6,205,32.43,86,0,16.47,31.01,206160.5,0.0,-12.47,-0.16,2,0,0.0,15,34.18,0.05134559528286421,0,-0.3858889264578643,PRA000057,0,0,0,0,0,0,NONE
PRA000058,1,MG,3,345,6700,19.42,44,9.77,8.91,-0.07,199,33.67,61,0,17.07,41.91,280791.24,34.71,-16.22,-1.47,2,0,0.0,11,34.81,0.11498492367264201,0,-0.4094710726607275,PRA000058,0,0,0,0,0,0,NONE
PRA000059,1,MG,1,348,6752,19.4,49,10.35,8.95,-0.22,219,30.83,53,0,15.77,80.59,544117.3,158.76,-12.89,4.33,2,0,0.0,15,33.16,0.40463496619558187,1,-0.5168035952261084,PRA000059,1,0,0,0,1,0,HIGH
PRA000060,1,MG,1,350,6762,19.32,39,9.98,9.09,-0.35,186,36.35,47,0,12.93,31.21,211013.0,0.0,-11.97,-0.16,2,0,0.0,11,88.27,0.2225325962704586,0,-0.44932386500079813,PRA000060,1,0,0,0,0,1,MEDIUM
PRA000061,1,MG,1,347,6640,19.14,46,10.02,8.46,-0.63,217,30.6,64,0,14.82,31.09,206411.0,0.0,-12.89,-0.16,2,0,0.0,15,33.46,0.0703016838096262,0,-0.3929132817171559,PRA000061,0,0,0,0,0,0,NONE
PRA000062,1,MG,3,346,6686,19.32,43,10.09,8.69,-0.23,198,33.77,120,0,13.22,42.03,280985.78,34.96,-11.01,-0.29,2,0,0.0,11,91.74,0.26649125976624505,1,-0.46561315741901627,PRA000062,1,0,0,0,0,1,MEDIUM
PRA000063,1,MG,1,349,6681,19.14,44,9.86,9.13,-0.63,181,36.91,13,0,18.53,31.2,208468.75,0.0,-14.2,-0.16,2,0,0.0,12,33.5,0.07357819753356762,0,-0.39412742441206977,PRA000063,0,0,0,0,0,0,NONE
PRA000064,1,MG,1,348,6599,18.96,43,10.11,9.18,-0.91,227,29.07,105,0,10.37,31.04,204834.25,0.0,-9.88,-0.16,2,0,0.0,9,35.16,0.1086166118393344,0,-0.40711123536328353,PRA000064,0,0,0,0,0,0,NONE
PRA000065,1,MG,3,344,6737,19.58,46,10.29,9.1,0.18,186,36.22,103,0,14.03,42.09,283583.21,35.28,-12.41,1.21,2,0,0.0,9,34.88,0.16517568306404018,0,-0.428069726291252,PRA000065,0,0,0,0,0,0,NONE
PRA000066,1,MG,1,348,6670,19.17,42,9.89,9.01,-0.58,185,36.05,39,0,19.82,31.2,208094.0,0.0,-7.81,-0.16,2,0,0.0,11,34.26,0.05562514667431783,0,-0.3874747541079898,PRA000066,0,0,0,0,0,0,NONE
PRA000067,1,MG,3,352,6708,19.06,48,10.15,9.33,-0.63,188,35.68,16,0,13.7,42.19,283010.41,35.2,-13.91,0.84,2,0,0.0,9,36.44,0.1494977934468118,0,-0.4222601381881001,PRA000067,0,0,0,0,0,0,NONE
PRA000068,1,MG,1,348,6712,19.29,47,10.1,9.06,-0.39,214,31.36,49,0,15.69,31.13,208938.75,0.0,-12.54,-0.16,2,0,0.0,15,32.61,0.03573075338099344,0,-0.38010270127319284,PRA000068,0,0,0,0,0,0,NONE
PRA000069,1,MG,1,347,6722,19.37,43,10.03,9.19,-0.27,187,35.95,55,0,14.7,31.11,209102.0,0.0,-11.81,-0.16,2,0,0.0,8,38.17,0.057079382320898604,0,-0.38801363467915234,PRA000069,0,0,0,0,0,0,NONE
PRA000070,1,MG,1,348,6891,19.8,51,10.77,8.68,0.4,208,33.13,42,0,12.39,31.1,214320.5,0.0,-15.43,-0.16,2,0,0.0,13,33.14,0.05863736159157692,0,-0.38859095841703245,PRA000070,0,0,0,0,0,0,NONE
PRA000071,1,MG,1,351,6819,19.43,49,10.47,9.31,-0.17,172,39.65,13,0,17.98,31.2,212764.0,0.0,-16.26,-0.16,2,0,0.0,14,87.22,0.3114544484871257,1,-0.4822746860207709,PRA000071,1,0,0,0,0,1,MEDIUM
PRA000072,1,MG,1,348,6612,19.0,39,9.68,9.35,-0.85,203,32.57,64,0,15.55,31.01,205021.5,0.0,-13.66,-0.16,2,0,0.0,11,35.6,0.06700974441646261,0,-0.39169342289675674,PRA000072,0,0,0,0,0,0,NONE
PRA000073,1,MG,1,347,6771,19.51,49,10.37,8.39,-0.05,201,33.69,85,0,14.24,31.09,210493.0,0.0,-7.12,-0.16,2,0,0.0,13,33.58,0.10477737196939964,0,-0.40568856925081076,PRA000073,0,0,0,0,0,0,NONE
PRA000074,1,MG,1,346,6714,19.4,43,9.9,8.62,-0.22,211,31.82,115,0,15.3,31.1,208825.25,0.0,-14.73,-0.16,2,0,0.0,10,37.05,0.06422256411704634,0,-0.3906606072624998,PRA000074,0,0,0,0,0,0,NONE
PRA000075,1,MG,1,348,6835,19.64,45,10.27,9.01,0.15,195,35.05,70,0,17.45,31.13,212790.25,0.0,-15.86,-0.16,2,0,0.0,15,31.91,0.06062883286781294,0,-0.3893289166573734,PRA000075,0,0,0,0,0,0,NONE
PRA000076,1,MG,1,344,6796,19.76,47,10.0,8.84,0.34,209,32.52,32,0,16.16,31.12,211470.0,0.0,-10.88,-0.16,2,0,0.0,15,34.84,0.044113075946652244,0,-0.3832088490164911,PRA000076,0,0,0,0,0,0,NONE
PRA000077,1,MG,1,345,6746,19.55,44,10.12,8.86,0.01,207,32.59,144,0,19.88,31.11,209886.0,0.0,-15.38,-0.16,2,0,0.0,9,33.67,0.10482666051597771,0,-0.4057068335810754,PRA000077,0,0,0,0,0,0,NONE
PRA000078,1,MG,1,343,6810,19.85,46,9.93,8.96,0.48,191,35.65,48,0,14.13,31.1,211767.0,0.0,-13.77,-0.16,2,0,0.0,8,37.92,0.050036011573810414,0,-0.38540364801019367,PRA000078,0,0,0,0,0,0,NONE
PRA000079,1,MG,3,344,6687,19.44,43,9.74,8.85,-0.04,170,39.34,43,0,12.43,41.99,280793.9,35.05,-9.1,0.13,2,0,0.0,13,32.59,0.13711495302659094,0,-0.4176715612721426,PRA000079,0,0,0,0,0,0,NONE
PRA000080,1,MG,1,347,6825,19.67,43,10.04,9.11,0.2,204,33.46,4,0,16.97,31.09,212155.25,0.0,-14.95,-0.16,2,0,0.0,13,33.08,0.04823873149222694,0,-0.384737649126739,PRA000080,1,0,1,0,0,0,HIGH
PRA000081,1,MG,3,349,6831,19.57,44,10.46,8.96,0.16,193,35.39,93,0,15.42,42.0,286889.38,34.89,-12.5,-0.62,2,0,0.0,11,30.76,0.11724131282499538,0,-0.4103071986888881,PRA000081,0,0,0,0,0,0,NONE
PRA000082,1,MG,1,351,6615,18.85,48,10.16,9.15,-1.08,202,32.75,186,0,14.68,31.15,206063.0,0.0,-6.38,-0.16,2,0,0.0,14,34.19,0.2366734316702037,0,-0.45456388333953623,PRA000082,0,0,0,0,0,0,NONE
PRA000083,1,MG,1,348,6761,19.43,45,10.46,8.62,-0.17,234,28.89,68,0,10.35,31.16,210672.0,0.0,-13.06,-0.16,2,0,0.0,15,35.99,0.11989675328155328,0,-0.4112911968966631,PRA000083,0,0,0,0,0,0,NONE
PRA000084,1,MG,1,343,6755,19.69,45,9.98,9.24,0.23,223,30.29,40,0,14.39,31.08,209958.0,0.0,-14.3,-0.16,2,0,0.0,11,34.84,0.054464132058529645,0,-0.38704452932237476,PRA000084,0,0,0,0,0,0,NONE
PRA000085,1,MG,1,349,7373,21.13,75,13.67,8.71,2.48,191,38.6,80,0,11.95,31.11,229387.5,0.0,5.2,-0.16,2,0,0.0,10,34.83,0.39531957137242907,1,-0.5133516888623029,PRA000085,1,1,0,0,0,0,HIGH
PRA000086,1,MG,1,346,7677,22.19,89,13.02,9.3,4.14,184,41.72,13,0,13.0,31.18,239395.25,0.0,-19.77,-0.16,2,0,0.0,12,34.33,0.5002335134558852,1,-0.5522285278159992,PRA000086,1,1,0,0,0,0,HIGH
PRA000087,1,MG,1,349,6784,19.44,41,10.15,9.05,-0.16,202,33.58,40,0,20.68,31.1,211013.25,0.0,-12.65,-0.16,2,0,0.0,8,39.74,0.026959619192987633,0,-0.3768524757598182,PRA000087,0,0,0,0,0,0,NONE
PRA000088,1,MG,1,346,6769,19.56,43,10.26,8.63,0.03,216,31.34,29,0,17.3,31.11,210551.0,0.0,-13.28,-0.16,2,0,0.0,13,90.77,0.19861037760633124,0,-0.4404592639387145,PRA000088,1,0,0,0,0,1,MEDIUM
PRA000089,1,MG,3,348,6802,19.55,46,10.59,8.44,0.13,191,35.61,50,0,17.76,42.02,285842.95,35.26,-11.58,1.12,2,0,0.0,14,32.23,0.15031297699637905,0,-0.4225622120492559,PRA000089,0,0,0,0,0,0,NONE
PRA000090,1,MG,1,352,6689,19.0,44,10.26,8.96,-0.85,223,30.0,41,0,19.91,31.13,208218.25,0.0,-13.04,-0.16,2,0,0.0,12,34.67,0.04469073105821125,0,-0.38342290450136646,PRA000090,0,0,0,0,0,0,NONE
PRA000091,1,MG,1,345,6820,19.77,57,10.54,8.65,0.36,204,33.43,33,0,15.82,93.56,638069.9,201.65,-12.78,5.54,2,0,0.0,11,33.29,0.44530453787868957,1,-0.5318740840214132,PRA000091,1,0,0,0,1,0,HIGH
PRA000092,1,MG,3,347,6770,19.51,44,10.14,8.86,0.07,194,34.9,106,0,13.99,41.96,284044.11,34.94,-13.32,-0.39,2,0,0.0,14,35.11,0.12044270286618707,0,-0.41149350360306597,PRA000092,0,0,0,0,0,0,NONE
PRA000093,1,MG,1,345,6736,19.52,47,9.97,8.7,-0.03,170,39.62,52,0,12.99,31.14,209759.75,0.0,-12.61,-0.16,2,0,0.0,12,36.32,0.07646009358738565,0,-0.39519533785179595,PRA000093,0,0,0,0,0,0,NONE
PRA000094,1,MG,1,347,6797,19.59,44,10.2,8.62,0.08,208,32.68,37,0,15.65,31.08,211274.5,0.0,-8.06,-0.16,2,0,0.0,13,89.32,0.21565970332753356,0,-0.44677705047088995,PRA000094,1,0,0,0,0,1,MEDIUM
PRA000095,1,MG,1,348,6468,18.59,43,9.91,8.87,-1.49,197,32.83,47,0,14.5,31.1,201177.75,0.0,-15.32,-0.16,2,0,0.0,8,38.43,0.08869679094485372,0,-0.39972976009391303,PRA000095,0,0,0,0,0,0,NONE
PRA000096,1,MG,1,347,6641,19.14,46,9.91,8.85,-0.63,190,34.95,48,0,15.66,31.18,207075.75,0.0,-12.09,-0.16,2,0,0.0,9,37.6,0.025743233778034957,0,-0.3764017328085608,PRA000096,0,0,0,0,0,0,NONE
PRA000097,1,MG,3,350,6744,19.27,45,10.14,9.06,-0.31,209,32.27,68,0,11.88,42.06,283644.12,34.74,-12.94,-1.33,2,0,0.0,8,39.5,0.11960273663812802,0,-0.4111822462894401,PRA000097,0,0,0,0,0,0,NONE
PRA000098,1,MG,3,349,6719,19.25,43,10.14,8.81,-0.34,209,32.15,70,0,15.37,42.14,283115.58,35.06,-11.4,0.18,2,0,0.0,15,33.66,0.09463856656754736,0,-0.40193154042353507,PRA000098,1,0,1,0,0,0,HIGH
PRA000099,1,MG,1,341,6742,19.77,52,9.98,8.69,0.36,205,32.89,4,0,9.29,31.2,210344.25,0.0,-14.04,-0.16,2,0,0.0,10,33.41,0.04928761498865499,0,-0.38512632268110214,PRA000099,0,0,0,0,0,0,NONE
PRA000100,1,MG,3,343,6722,19.6,53,10.24,8.43,0.21,202,33.28,122,0,17.85,42.0,282342.85,35.21,-13.97,0.88,2,0,0.0,11,33.46,0.1899122272275894,0,-0.43723608325601376,PRA000100,0,0,0,0,0,0,NONE
PRA000101,1,MG,1,351,6696,19.08,47,10.2,8.9,-0.72,191,35.06,58,0,11.07,31.18,208810.75,0.0,-17.1,-0.16,2,0,0.0,15,30.0,0.07389841704735675,0,-0.39424608473709605,PRA000101,0,0,0,0,0,0,NONE
PRA000102,1,MG,1,345,6721,19.48,46,9.96,9.14,-0.1,190,35.37,82,0,19.07,31.09,208964.5,0.0,-11.71,-0.16,2,0,0.0,13,32.62,0.05743013637256164,0,-0.38814360986174545,PRA000102,0,0,0,0,0,0,NONE
PRA000103,1,MG,1,345,7970,23.1,95,13.79,8.86,5.56,188,42.39,29,0,15.56,31.12,248057.0,0.0,23.06,-0.16,2,0,0.0,9,35.84,0.6199880751847109,1,-0.5966046966820835,PRA000103,1,1,0,0,0,0,HIGH
PRA000104,1,MG,1,347,6750,19.45,42,9.99,8.83,-0.14,206,32.77,78,0,14.52,31.13,210130.75,0.0,-15.73,-0.16,2,0,0.0,15,37.63,0.06748351459641198,0,-0.39186898285209903,PRA000104,0,0,0,0,0,0,NONE
PRA000105,1,MG,3,346,6704,19.38,44,9.83,8.8,-0.13,202,33.19,19,0,14.92,41.89,280814.13,34.92,-16.19,-0.48,2,0,0.0,10,34.43,0.07692719337435135,0,-0.39536842603085537,PRA000105,0,0,0,0,0,0,NONE
PRA000106,1,MG,1,346,6765,19.55,39,9.87,9.02,0.01,189,35.79,64,0,15.77,31.17,210861.25,0.0,-15.99,-0.16,2,0,0.0,10,35.36,0.05344945845572437,0,-0.3866685325629026,PRA000106,0,0,0,0,0,0,NONE
PRA000107,1,MG,1,345,6502,18.85,49,9.55,9.41,-1.08,195,33.34,94,0,14.67,31.13,202411.75,0.0,-9.96,-0.16,2,0,0.0,10,32.19,0.11403184134618634,0,-0.40911789912268853,PRA000107,0,0,0,0,0,0,NONE
PRA000108,1,MG,3,349,6775,19.41,46,10.26,9.17,-0.09,211,32.11,0,0,14.01,42.04,284833.95,34.91,-15.6,-0.53,2,0,0.0,14,33.46,0.1262112657153208,0,-0.4136310983252398,PRA000108,0,0,0,0,0,0,NONE
PRA000109,1,MG,3,349,6742,19.32,45,10.17,8.94,-0.23,206,32.73,12,0,14.42,42.1,283814.12,35.03,-14.47,0.04,2,0,0.0,14,31.0,0.06368675834614508,0,-0.3904620594408078,PRA000109,0,0,0,0,0,0,NONE
PRA000110,1,MG,1,350,6893,19.69,50,10.82,9.11,0.23,207,33.3,35,0,11.78,31.15,214688.0,0.0,-11.6,-0.16,2,0,0.0,9,34.66,0.05551497061742298,0,-0.387433927343354,PRA000110,0,0,0,0,0,0,NONE
PRA000111,1,MG,1,349,6650,19.05,43,10.12,8.74,-0.77,217,30.65,20,0,17.44,30.97,205945.25,0.0,-15.11,-0.16,2,0,0.0,11,35.69,0.04194570500873948,0,-0.3824057095172706,PRA000111,0,0,0,0,0,0,NONE
PRA000112,1,MG,1,350,6725,19.21,46,10.42,8.77,-0.52,197,34.14,100,0,10.69,31.11,209190.75,0.0,-11.54,-0.16,2,0,0.0,14,32.2,0.05520491208648392,0,-0.38731903226521514,PRA000112,0,0,0,0,0,0,NONE
PRA000113,1,MG,1,347,6769,19.51,43,9.85,9.28,-0.05,183,36.99,43,0,12.08,31.19,211096.75,0.0,-12.54,-0.16,2,0,0.0,8,39.36,0.07034050199091611,0,-0.3929276661559875,PRA000113,0,0,0,0,0,0,NONE
PRA000114,1,MG,1,345,6785,19.67,42,10.11,8.93,0.2,197,34.44,8,0,16.02,31.1,210993.5,0.0,-13.46,-0.16,2,0,0.0,8,38.39,0.046011130220698984,0,-0.3839121907160985,PRA000114,0,0,0,0,0,0,NONE
PRA000115,1,MG,1,349,6774,19.41,48,10.35,8.77,-0.21,193,35.1,49,0,14.88,31.05,210359.75,0.0,-16.9,-0.16,2,0,0.0,14,31.69,0.04631713195480037,0,-0.38402558251036306,PRA000115,0,0,0,0,0,0,NONE
PRA000116,1,MG,1,346,6656,19.24,46,9.89,9.21,-0.47,212,31.4,44,0,23.23,31.23,207843.25,0.0,-13.11,-0.16,2,0,0.0,15,34.14,0.045269421766207296,0,-0.3836373437361525,PRA000116,0,0,0,0,0,0,NONE
PRA000117,1,MG,1,347,6663,19.2,48,9.94,9.02,-0.53,205,32.5,34,0,10.42,31.22,208019.5,0.0,-14.75,-0.16,2,0,0.0,14,31.93,0.01908508059049725,0,-0.3739344920962155,PRA000117,0,0,0,0,0,0,NONE
PRA000118,1,MG,1,348,6767,19.45,45,10.16,9.01,-0.14,202,33.5,118,0,21.78,31.15,210766.25,0.0,-14.01,-0.16,2,0,0.0,14,34.16,0.06808549259551441,0,-0.3920920514096236,PRA000118,0,0,0,0,0,0,NONE
PRA000119,1,MG,3,347,7888,22.73,79,13.89,8.94,5.11,188,41.96,27,0,13.27,42.06,331739.4,35.23,-31.4,0.98,2,0,0.0,12,34.31,0.5680880172181187,1,-0.5773726465352148,PRA000119,1,1,0,0,0,0,HIGH
PRA000120,1,MG,1,346,6706,19.38,50,9.98,8.95,-0.25,195,34.39,129,0,11.45,31.17,209057.25,0.0,-10.98,-0.16,2,0,0.0,11,32.54,0.09383578052762344,0,-0.40163406057511253,PRA000120,0,0,0,0,0,0,NONE
PRA000121,1,MG,1,342,6718,19.64,47,9.86,8.71,0.15,207,32.45,7,0,17.86,31.18,209440.0,0.0,-12.49,-0.16,2,0,0.0,10,32.5,0.031019058979262555,0,-0.37835673900337924,PRA000121,0,0,0,0,0,0,NONE
PRA000122,1,MG,1,346,7850,22.69,70,14.09,8.52,4.92,204,38.48,40,0,14.8,31.02,243480.25,0.0,-34.19,-0.16,2,0,0.0,12,30.09,0.49129281656382096,1,-0.5489154692624458,PRA000122,1,1,0,0,0,0,HIGH
PRA000123,1,MG,1,351,6822,19.44,45,10.2,9.01,-0.16,207,32.96,72,0,11.54,31.23,213028.5,0.0,-12.31,-0.16,2,0,0.0,14,29.76,0.02962486883544269,0,-0.3778401088528412,PRA000123,0,0,0,0,0,0,NONE
PRA000124,1,MG,1,349,6768,19.39,44,10.29,8.91,-0.24,212,31.92,42,0,19.36,31.07,210274.75,0.0,-17.86,-0.16,2,0,0.0,12,31.81,0.03905451842118651,0,-0.38133435338368854,PRA000124,0,0,0,0,0,0,NONE
PRA000125,1,MG,1,348,6714,19.29,42,10.19,8.67,-0.39,208,32.28,93,0,20.2,31.01,208168.5,0.0,-11.78,-0.16,2,0,0.0,12,35.98,0.03696848863971527,0,-0.38056135560802246,PRA000125,0,0,0,0,0,0,NONE
PRA000126,1,MG,1,349,6710,19.23,44,10.46,8.49,-0.49,181,37.07,93,0,15.38,31.14,208969.0,0.0,-17.01,-0.16,2,0,0.0,10,34.99,0.11667707691815728,0,-0.4100981158153784,PRA000126,0,0,0,0,0,0,NONE
PRA000127,1,MG,1,346,6790,19.62,47,10.31,8.42,0.12,205,33.12,112,0,18.56,31.21,211921.5,0.0,-15.34,-0.16,2,0,0.0,9,37.07,0.10013590858625232,0,-0.40396863173943065,PRA000127,0,0,0,0,0,0,NONE
PRA000128,1,MG,1,348,6785,19.5,45,10.22,8.89,-0.07,193,35.16,130,0,16.51,31.14,211261.75,0.0,-12.44,-0.16,2,0,0.0,12,36.05,0.08432877197337284,0,-0.3981111499575608,PRA000128,0,0,0,0,0,0,NONE
PRA000129,1,MG,1,349,6608,18.93,45,10.03,8.75,-0.96,226,29.24,23,0,21.82,31.18,206044.0,0.0,-11.74,-0.16,2,0,0.0,13,89.71,0.23700705348673046,0,-0.45468751001274077,PRA000129,1,0,0,0,0,1,MEDIUM
PRA000130,1,MG,1,345,6748,19.56,41,10.27,8.65,0.03,205,32.92,13,0,12.92,31.09,209818.75,0.0,-15.71,-0.16,2,0,0.0,8,38.67,0.05083440896715923,0,-0.3856995016047291,PRA000130,0,0,0,0,0,0,NONE
PRA000131,1,MG,1,349,6677,19.13,45,10.28,8.51,-0.64,190,35.14,64,0,14.18,31.17,208150.0,0.0,-7.52,-0.16,2,0,0.0,8,39.53,0.08729383047579377,0,-0.3992098800176248,PRA000131,0,0,0,0,0,0,NONE
PRA000132,1,MG,3,347,6849,19.74,44,10.35,8.75,0.43,205,33.41,164,0,16.15,42.09,288297.3,35.23,-14.55,0.98,2,0,0.0,11,33.73,0.2124552369578264,0,-0.4455896055945117,PRA000132,0,0,0,0,0,0,NONE
PRA000133,1,MG,1,344,6750,19.62,43,9.93,9.35,0.12,183,36.89,93,0,12.52,31.15,210288.0,0.0,-11.36,-0.16,2,0,0.0,14,92.32,0.26887993708479085,1,-0.46649830405998016,PRA000133,1,0,0,0,0,1,MEDIUM
PRA000134,1,MG,1,347,6707,19.33,50,10.07,9.36,-0.33,209,32.09,77,0,18.44,31.14,208880.25,0.0,-13.77,-0.16,2,0,0.0,10,36.87,0.06442123716970752,0,-0.39073422741363856,PRA000134,0,0,0,0,0,0,NONE
PRA000135,1,MG,3,348,6617,19.01,44,10.02,8.49,-0.71,180,36.76,81,0,15.32,42.03,278112.85,34.85,-12.69,-0.81,2,0,0.0,9,37.5,0.1510496963066134,0,-0.4228352102553025,PRA000135,0,0,0,0,0,0,NONE
PRA000136,1,MG,1,348,6809,19.57,45,10.3,8.78,0.04,203,33.54,30,0,12.44,31.08,211601.75,0.0,-13.98,-0.16,2,0,0.0,10,34.66,0.009261757111431585,0,-0.3702943680354695,PRA000136,0,0,0,0,0,0,NONE
PRA000137,1,MG,1,342,6721,19.65,40,9.85,8.78,0.17,214,31.41,47,0,16.9,31.08,208899.75,0.0,-9.12,-0.16,2,0,0.0,9,36.25,0.03520704601764924,0,-0.3799086366291687,PRA000137,0,0,0,0,0,0,NONE
PRA000138,1,MG,1,345,6661,19.31,43,9.97,8.57,-0.36,223,29.87,23,0,12.6,31.08,207023.0,0.0,-12.52,-0.16,2,0,0.0,9,93.19,0.20698687183288603,0,-0.44356325193664226,PRA000138,1,0,0,0,0,1,MEDIUM
PRA000139,1,MG,1,342,6751,19.74,47,10.28,8.46,0.31,176,38.36,49,0,17.83,31.12,210083.25,0.0,-13.79,-0.16,2,0,0.0,8,38.17,0.10786869680959214,0,-0.40683408847903807,PRA000139,0,0,0,0,0,0,NONE
PRA000140,1,MG,1,347,6606,19.04,48,9.99,8.99,-0.78,247,26.74,107,0,12.75,31.09,205399.0,0.0,-14.19,-0.16,2,0,0.0,15,32.98,0.1604886581753182,0,-0.42633290553938413,PRA000140,0,0,0,0,0,0,NONE
PRA000141,1,MG,1,346,6682,19.31,44,10.2,9.04,-0.36,210,31.82,89,0,15.97,31.04,207376.0,0.0,-16.16,-0.16,2,0,0.0,15,36.29,0.07845370173157915,0,-0.39593408792847246,PRA000141,0,0,0,0,0,0,NONE
PRA000142,1,MG,1,347,6794,19.58,48,10.16,8.83,0.06,196,34.66,92,0,16.16,31.12,211435.5,0.0,-12.53,-0.16,2,0,0.0,9,35.82,0.0256076704509893,0,-0.37635149855438144,PRA000142,0,0,0,0,0,0,NONE
PRA000143,1,MG,1,349,6677,19.13,47,10.11,8.82,-0.64,181,36.89,35,0,18.84,31.11,207743.0,0.0,-13.54,-0.16,2,0,0.0,12,31.81,0.04768672819494327,0,-0.38453309916069794,PRA000143,0,0,0,0,0,0,NONE
PRA000144,1,MG,3,348,6796,19.53,42,10.27,8.71,0.1,206,32.99,103,0,14.36,41.96,285190.7,35.0,-11.63,-0.1,2,0,0.0,10,32.99,0.08905794277175125,0,-0.3998635882690183,PRA000144,0,0,0,0,0,0,NONE
PRA000145,1,MG,1,346,6802,19.66,50,10.27,8.67,0.18,205,33.18,69,0,13.51,31.11,211629.0,0.0,-12.39,-0.16,2,0,0.0,12,33.0,0.038681657349100194,0,-0.3811961862386577,PRA000145,0,0,0,0,0,0,NONE
PRA000146,1,MG,1,345,6692,19.4,45,9.76,9.01,-0.22,173,38.68,86,0,16.2,31.08,207992.5,0.0,-14.69,-0.16,2,0,0.0,10,33.03,0.08025106078489173,0,-0.3966001160756373,PRA000146,0,0,0,0,0,0,NONE
PRA000147,1,MG,1,348,6672,19.17,41,10.15,8.59,-0.58,200,33.36,94,0,11.59,31.03,207064.75,0.0,-9.12,-0.16,2,0,0.0,10,36.49,0.05401853045596157,0,-0.3868794074958899,PRA000147,0,0,0,0,0,0,NONE
PRA000148,1,MG,1,345,6762,19.6,53,10.07,8.83,0.09,180,37.57,66,0,14.54,31.14,210541.25,0.0,-13.5,-0.16,2,0,0.0,13,34.21,0.07967678169479603,0,-0.396387311606977,PRA000148,0,0,0,0,0,0,NONE
PRA000149,1,MG,3,350,6748,19.28,41,10.2,8.85,-0.29,201,33.57,67,0,12.74,42.07,283895.6,35.21,-12.71,0.88,2,0,0.0,14,86.39,0.2838767869291582,1,-0.47205552652854826,PRA000149,1,0,0,0,0,1,MEDIUM
PRA000150,1,MG,1,343,6603,19.25,42,9.53,9.24,-0.46,238,27.74,3,22,12.65,31.2,205985.5,0.0,-15.44,-0.16,2,0,0.0,15,88.44,0.4874615572300118,1,-0.5474957604120066,PRA000150,1,0,1,0,0,1,HIGH
PRA000151,3,Cardiologue,3,318,3854,12.12,30,5.72,8.59,-1.73,192,20.07,36,0,15.96,73.48,283175.17,35.34,-13.77,-0.21,2,0,0.0,8,36.36,0.16881088643871878,0,-0.4294167847789494,PRA000151,0,0,0,0,0,0,NONE
PRA000152,3,Cardiologue,3,315,3922,12.45,27,5.31,8.69,-0.2,195,20.11,16,0,13.0,73.81,289472.86,35.17,-14.63,-0.22,2,0,0.0,8,37.16,0.12444851187364417,0,-0.4129778934617398,PRA000152,0,0,0,0,0,0,NONE
PRA000153,3,Cardiologue,3,356,4462,12.53,32,6.62,11.39,0.17,750,5.95,28,0,12.68,67.28,300197.3,32.63,-11.13,-0.26,5,596,13.36,11,33.84,0.7311477308917355,1,-0.6377959430240869,PRA000153,1,0,0,1,0,0,MEDIUM
PRA000154,3,Cardiologue,3,318,4011,12.61,29,6.08,8.85,0.54,209,19.19,45,0,11.02,74.32,298106.6,34.63,-13.85,-0.23,2,0,0.0,10,34.58,0.11998121937431719,0,-0.4113224965944937,PRA000154,0,0,0,0,0,0,NONE
PRA000155,3,Cardiologue,3,314,3935,12.53,26,5.7,8.31,0.17,186,21.16,39,0,18.6,73.28,288347.65,35.07,-10.1,-0.22,2,0,0.0,10,37.94,0.12724523844989472,0,-0.4140142465578414,PRA000155,0,0,0,0,0,0,NONE
PRA000156,3,Cardiologue,1,317,3968,12.52,34,5.68,7.89,-0.34,221,17.95,50,0,15.7,54.94,217988.16,0.0,-10.63,0.0,2,0,0.0,13,33.29,0.13324652636335937,0,-0.41623807972141597,PRA000156,0,0,0,0,0,0,NONE
PRA000157,3,Cardiologue,3,316,4034,12.77,31,5.71,8.03,1.28,215,18.76,53,0,16.04,203.76,821955.72,276.27,-15.73,4.25,2,0,0.0,13,30.51,0.6019276099357527,1,-0.5899122229748802,PRA000157,1,0,0,0,1,0,HIGH
PRA000158,3,Cardiologue,3,316,3977,12.59,28,5.91,8.93,0.45,214,18.58,56,0,16.27,73.46,292130.85,35.06,-8.55,-0.22,2,0,0.0,14,32.58,0.14738268858527176,0,-0.42147636637055785,PRA000158,0,0,0,0,0,0,NONE
PRA000159,3,Cardiologue,3,315,3982,12.64,26,5.68,8.64,0.68,195,20.42,0,10,14.59,73.62,293151.71,35.09,-14.67,-0.22,3,10,0.25,10,33.87,0.335577923249421,1,-0.49121386440557774,PRA000159,1,0,1,0,0,0,HIGH
PRA000160,3,Cardiologue,1,316,4065,12.86,29,5.59,8.27,0.27,189,21.51,66,0,15.65,54.62,222024.24,0.0,-13.28,0.0,2,0,0.0,11,36.9,0.11434227507137855,0,-0.40923293323255444,PRA000160,0,0,0,0,0,0,NONE
PRA000161,3,Cardiologue,1,350,4351,12.43,28,6.47,10.92,-0.5,618,7.04,39,0,11.54,50.77,220906.56,0.0,-16.51,0.0,5,443,10.18,10,33.77,0.6079097369005022,1,-0.5921289558703435,PRA000161,1,0,0,1,0,0,MEDIUM
PRA000162,3,Cardiologue,1,319,4041,12.67,29,6.13,8.66,-0.07,178,22.7,29,0,17.67,53.95,218023.92,0.0,-10.5,0.0,2,0,0.0,12,34.58,0.10804351104839326,0,-0.4068988675243558,PRA000162,0,0,0,0,0,0,NONE
PRA000163,3,Cardiologue,1,318,4530,14.25,66,8.54,7.81,2.73,181,25.03,34,0,15.12,55.13,249732.0,0.0,10.09,0.0,2,0,0.0,11,32.75,0.4523299131504853,1,-0.5344774022992987,PRA000163,1,1,0,0,0,0,HIGH
PRA000164,3,Cardiologue,1,316,3984,12.61,30,6.12,7.83,-0.18,209,19.06,27,0,13.53,55.5,221112.0,0.0,-10.54,0.0,2,0,0.0,11,34.2,0.11597768043462722,0,-0.40983894793058623,PRA000164,0,0,0,0,0,0,NONE
PRA000165,3,Cardiologue,1,317,3939,12.43,26,5.45,8.45,-0.5,198,19.89,50,0,19.65,54.35,214082.64,0.0,-7.14,0.0,2,0,0.0,8,40.37,0.1658577706929885,0,-0.42832248021867414,PRA000165,0,0,0,0,0,0,NONE
PRA000166,3,Cardiologue,3,317,3935,12.41,29,5.64,8.92,-0.39,170,23.15,24,0,14.69,74.35,292549.27,34.73,-10.43,-0.23,2,0,0.0,8,35.69,0.16451303880352852,0,-0.42782417728520084,PRA000166,0,0,0,0,0,0,NONE
PRA000167,3,Cardiologue,3,317,3846,12.13,27,5.21,9.1,-1.68,236,16.3,12,0,20.1,73.47,282579.91,34.83,-10.52,-0.22,2,0,0.0,8,36.71,0.24944989506859724,1,-0.45929832091830936,PRA000167,0,0,0,0,0,0,NONE
PRA000168,3,Cardiologue,3,316,3887,12.3,28,5.52,8.93,-0.89,181,21.48,111,0,15.28,73.65,286272.34,34.92,-12.72,-0.22,2,0,0.0,15,34.45,0.2692846841184232,1,-0.46664828684521376,PRA000168,0,0,0,0,0,0,NONE
PRA000169,3,Cardiologue,3,316,3963,12.54,30,5.62,8.66,0.21,197,20.12,19,0,13.9,73.2,290089.89,34.74,-14.36,-0.23,2,0,0.0,14,34.84,0.11028780508455058,0,-0.40773051159449303,PRA000169,0,0,0,0,0,0,NONE
PRA000170,3,Cardiologue,3,317,3884,12.25,32,5.56,9.01,-1.13,196,19.82,36,0,14.32,73.62,285950.88,35.17,-14.28,-0.22,2,0,0.0,8,38.06,0.14841110998645704,0,-0.4218574575048383,PRA000170,0,0,0,0,0,0,NONE
PRA000171,3,Cardiologue,3,351,4584,13.06,34,6.96,10.41,2.62,606,7.56,48,0,14.79,68.5,314014.72,33.08,-8.58,-0.26,5,427,9.32,12,36.28,0.6700438572292103,1,-0.6151533331988329,PRA000171,1,0,0,1,0,0,MEDIUM
PRA000172,3,Cardiologue,3,317,3985,12.57,27,5.47,8.83,0.35,194,20.54,36,0,13.83,73.64,293468.15,35.07,-14.49,-0.22,2,0,0.0,13,33.9,0.10376070000651823,0,-0.4053118319803893,PRA000172,0,0,0,0,0,0,NONE
PRA000173,3,Cardiologue,1,319,3930,12.32,29,5.87,8.73,-0.69,202,19.46,41,0,16.08,54.18,212931.36,0.0,-16.75,0.0,2,0,0.0,14,32.11,0.08107416916299037,0,-0.3969051265558585,PRA000173,0,0,0,0,0,0,NONE
PRA000174,3,Cardiologue,3,319,3937,12.34,31,6.05,8.43,-0.71,174,22.63,23,0,15.34,74.9,294866.59,35.3,-11.94,-0.21,2,0,0.0,14,33.11,0.16448279239205188,0,-0.4278129691955556,PRA000174,0,0,0,0,0,0,NONE
PRA000175,3,Cardiologue,3,314,3960,12.61,28,5.88,8.06,0.54,191,20.73,67,0,16.59,73.58,291387.78,35.22,-9.87,-0.22,2,0,0.0,14,35.29,0.16906190874443688,0,-0.4295098034336619,PRA000175,0,0,0,0,0,0,NONE
PRA000176,3,Cardiologue,1,316,3919,12.4,27,5.67,8.34,-0.55,185,21.18,16,0,12.76,54.12,212111.76,0.0,-8.92,0.0,2,0,0.0,15,32.25,0.13428427703356366,0,-0.41662262790327276,PRA000176,0,0,0,0,0,0,NONE
PRA000177,3,Cardiologue,3,320,4025,12.58,30,5.87,8.75,0.4,184,21.88,75,0,14.16,73.17,294490.85,35.22,-12.58,-0.22,2,0,0.0,15,32.85,0.18787219479237438,0,-0.4364801302256617,PRA000177,0,0,0,0,0,0,NONE
PRA000178,3,Cardiologue,3,320,3991,12.47,30,5.97,8.9,-0.11,205,19.47,42,0,12.63,73.43,293054.13,35.38,-13.0,-0.21,2,0,0.0,10,31.83,0.10167886211513918,0,-0.40454038754866195,PRA000178,0,0,0,0,0,0,NONE
PRA000179,3,Cardiologue,1,317,3994,12.6,27,5.76,8.99,-0.19,211,18.93,55,0,15.95,53.97,215536.8,0.0,-9.31,0.0,2,0,0.0,9,32.62,0.09736164077879572,0,-0.40294060094940354,PRA000179,0,0,0,0,0,0,NONE
PRA000180,3,Cardiologue,3,318,3935,12.37,31,5.73,8.69,-0.57,198,19.87,37,0,11.99,73.61,289654.76,35.22,-7.16,-0.22,2,0,0.0,10,35.14,0.14381668012080331,0,-0.42015494870168046,PRA000180,0,0,0,0,0,0,NONE
PRA000181,5,Dermatologue,3,317,3599,11.35,26,4.76,8.45,-1.87,210,17.14,42,0,18.45,40.54,145906.31,35.14,-10.31,-0.45,1,0,0.0,13,34.55,0.2176541010774461,0,-0.44751609314332413,PRA000181,0,0,0,0,0,0,NONE
PRA000182,5,Dermatologue,3,317,3831,12.09,28,5.33,8.04,1.23,233,16.44,67,24,18.64,40.36,154629.17,34.64,-14.94,-0.45,2,24,0.63,15,35.76,0.491102174349167,1,-0.5488448250131717,PRA000182,1,0,1,0,0,0,HIGH
PRA000183,5,Dermatologue,3,316,3709,11.74,26,4.9,8.33,-0.23,223,16.63,8,0,14.26,110.53,409955.77,268.43,-9.7,2.03,1,0,0.0,10,36.42,0.4536394192179572,1,-0.5349626519761577,PRA000183,1,0,0,0,1,0,HIGH
PRA000184,5,Dermatologue,3,312,3658,11.72,25,4.86,8.09,-0.32,189,19.35,46,0,13.07,40.43,147895.43,34.77,-17.3,-0.45,1,0,0.0,9,36.02,0.16656373600098526,0,-0.4285840822425887,PRA000184,0,0,0,0,0,0,NONE
PRA000185,5,Dermatologue,1,312,3775,12.1,24,4.76,8.34,1.37,227,16.63,11,0,20.37,30.0,113250.0,0.0,-12.47,0.0,1,0,0.0,14,33.99,0.22101529477669424,0,-0.4487616147922381,PRA000185,0,0,0,0,0,0,NONE
PRA000186,5,Dermatologue,3,312,3658,11.72,26,4.74,8.58,-0.32,186,19.67,66,0,16.02,40.48,148085.83,34.94,-9.1,-0.45,1,0,0.0,12,34.59,0.18151891616397606,0,-0.43412586362239436,PRA000186,0,0,0,0,0,0,NONE
PRA000187,5,Dermatologue,1,312,3666,11.75,25,4.81,7.86,-0.33,191,19.19,15,0,15.6,30.0,109980.0,0.0,-12.67,0.0,1,0,0.0,15,32.62,0.2047774625413621,0,-0.44274453473372705,PRA000187,0,0,0,0,0,0,NONE
PRA000188,5,Dermatologue,3,313,3773,12.05,24,4.82,8.43,1.07,195,19.35,27,0,13.62,40.39,152397.85,34.64,-8.42,-0.45,1,0,0.0,13,34.07,0.2129395439045875,0,-0.4457690700469904,PRA000188,0,0,0,0,0,0,NONE
PRA000189,5,Dermatologue,3,316,3667,11.6,23,4.95,8.24,-0.82,201,18.24,8,0,15.35,40.56,148723.69,35.19,-13.06,-0.45,1,0,0.0,9,35.51,0.1818070093233148,0,-0.43423261922738693,PRA000189,0,0,0,0,0,0,NONE
PRA000190,5,Dermatologue,3,314,3689,11.75,25,4.83,8.11,-0.19,186,19.83,34,0,14.31,40.51,149442.3,35.03,-8.16,-0.45,1,0,0.0,11,33.45,0.1802917624393883,0,-0.4336711303736496,PRA000190,0,0,0,0,0,0,NONE
PRA000191,5,Dermatologue,3,313,3693,11.8,24,4.72,8.48,0.02,200,18.47,39,0,16.41,40.63,150039.32,35.43,-9.99,-0.44,1,0,0.0,11,32.67,0.15189790270415165,0,-0.4231495210405207,PRA000191,0,0,0,0,0,0,NONE
PRA000192,5,Dermatologue,3,314,3743,11.92,27,5.09,8.15,0.52,183,20.45,24,0,13.44,40.47,151478.28,34.9,-11.23,-0.45,1,0,0.0,14,34.39,0.18114192881874105,0,-0.4339861674483947,PRA000192,0,0,0,0,0,0,NONE
PRA000193,5,Dermatologue,1,315,3690,11.71,24,5.07,8.24,-0.52,208,17.74,36,0,17.8,30.0,110700.0,0.0,-14.85,0.0,1,0,0.0,14,34.05,0.16338678556419442,0,-0.4274068336515793,PRA000193,0,0,0,0,0,0,NONE
PRA000194,5,Dermatologue,3,358,4454,12.44,30,6.13,11.34,2.7,825,5.4,22,0,15.27,109.71,488627.95,258.87,-12.82,1.93,4,672,15.09,14,35.17,0.8711589996666429,1,-0.689678423462529,PRA000194,1,0,0,1,1,0,HIGH
PRA000195,5,Dermatologue,3,314,3648,11.62,27,4.9,8.33,-0.74,219,16.66,25,0,16.69,40.55,147913.11,35.15,-11.82,-0.45,1,0,0.0,9,38.12,0.1635776225361631,0,-0.4274775500699914,PRA000195,0,0,0,0,0,0,NONE
PRA000196,5,Dermatologue,3,312,3686,11.81,26,4.7,8.36,0.06,210,17.55,58,0,19.7,40.47,149181.34,34.91,-11.84,-0.45,1,0,0.0,8,38.01,0.16726057962435603,0,-0.42884230414125823,PRA000196,0,0,0,0,0,0,NONE
PRA000197,5,Dermatologue,3,312,3656,11.72,25,4.88,7.9,-0.32,202,18.1,72,0,17.15,40.53,148161.31,35.09,-17.11,-0.45,1,0,0.0,12,32.27,0.19583320629029363,0,-0.4394301572265243,PRA000197,0,0,0,0,0,0,NONE
PRA000198,5,Dermatologue,3,312,3698,11.85,26,4.96,8.19,0.23,193,19.16,61,0,15.82,40.43,149498.28,34.76,-15.54,-0.45,1,0,0.0,15,35.1,0.20200050159047564,0,-0.44171550597430403,PRA000198,0,0,0,0,0,0,NONE
PRA000199,5,Dermatologue,1,315,3643,11.57,24,4.73,8.62,-1.2,236,15.44,34,0,12.98,30.0,109290.0,0.0,-14.61,0.0,1,0,0.0,12,30.14,0.22206342006552637,0,-0.44915000738571065,PRA000199,0,0,0,0,0,0,NONE
PRA000200,5,Dermatologue,1,314,3810,12.13,27,4.78,8.27,1.51,223,17.09,28,0,12.07,30.0,114300.0,0.0,-12.13,0.0,1,0,0.0,10,36.02,0.19576314976585338,0,-0.43940419712852175,PRA000200,1,1,0,0,0,0,HIGH
PRA000201,5,Dermatologue,3,313,3639,11.63,22,4.89,8.13,-0.7,210,17.33,22,0,14.7,118.57,431476.23,295.23,-11.45,2.31,1,0,0.0,13,33.42,0.4963181830045574,1,-0.5507776656294874,PRA000201,1,0,0,0,1,0,HIGH
PRA000202,5,Dermatologue,1,314,3692,11.76,25,4.96,7.53,-0.28,202,18.28,54,0,14.87,30.0,110760.0,0.0,-14.47,0.0,1,0,0.0,9,34.18,0.19463319362419304,0,-0.4389854813499351,PRA000202,0,0,0,0,0,0,NONE
PRA000203,5,Dermatologue,1,313,3639,11.63,29,4.87,8.3,-0.91,219,16.62,44,0,13.05,30.0,109170.0,0.0,-13.48,0.0,1,0,0.0,11,32.18,0.1466198445829063,0,-0.4211936874163807,PRA000203,0,0,0,0,0,0,NONE
PRA000204,5,Dermatologue,3,313,3667,11.72,28,4.82,8.18,-0.32,206,17.8,39,0,13.25,40.56,148726.05,35.19,-12.89,-0.45,1,0,0.0,11,32.74,0.13414155584823936,0,-0.41656974123800267,PRA000204,0,0,0,0,0,0,NONE
PRA000205,5,Dermatologue,1,313,3722,11.89,26,4.76,8.54,0.35,194,19.19,38,0,15.31,30.0,111660.0,0.0,-14.92,0.0,1,0,0.0,14,33.16,0.15466821631123728,0,-0.42417608656475037,PRA000205,0,0,0,0,0,0,NONE
PRA000206,15,Ophtalmo,1,317,4311,13.6,32,6.32,8.23,1.24,199,21.66,44,0,16.63,26.57,114531.92,0.0,-15.84,0.0,2,0,0.0,14,30.32,0.13154633344945488,0,-0.4156080573927201,PRA000206,0,0,0,0,0,0,NONE
PRA000207,15,Ophtalmo,1,323,4275,13.24,30,6.57,8.09,-0.19,195,21.92,3,0,14.53,26.57,113585.68,0.0,-15.37,0.0,2,0,0.0,10,34.24,0.11304848754121569,0,-0.40875350820617967,PRA000207,0,0,0,0,0,0,NONE
PRA000208,15,Ophtalmo,1,318,4250,13.36,32,6.36,8.07,0.29,207,20.53,18,0,16.33,26.49,112582.24,0.0,-12.37,0.0,2,0,0.0,13,32.46,0.0943282030765089,0,-0.40181653233958936,PRA000208,0,0,0,0,0,0,NONE
PRA000209,15,Ophtalmo,1,320,4077,12.74,30,5.82,8.88,-2.16,170,23.98,59,0,17.66,26.45,107835.76,0.0,-13.55,0.0,2,0,0.0,8,41.02,0.22114883440654948,0,-0.4488110991465643,PRA000209,0,0,0,0,0,0,NONE
PRA000210,15,Ophtalmo,1,320,4181,13.07,32,5.89,8.75,-0.86,166,25.19,43,0,16.02,26.48,110702.32,0.0,-9.33,0.0,2,0,0.0,14,35.13,0.12833084967685288,0,-0.41441652991502576,PRA000210,0,0,0,0,0,0,NONE
PRA000211,15,Ophtalmo,1,317,4256,13.43,31,6.15,8.27,0.57,219,19.43,32,0,13.09,26.49,112741.12,0.0,-9.35,0.0,2,0,0.0,8,38.75,0.12428556323636948,0,-0.4129175113256457,PRA000211,0,0,0,0,0,0,NONE
PRA000212,15,Ophtalmo,1,318,4300,13.52,32,6.21,8.23,0.92,221,19.46,74,0,17.74,26.49,113913.28,0.0,-11.29,0.0,2,0,0.0,11,36.14,0.14939392574375135,0,-0.4222216490427665,PRA000212,0,0,0,0,0,0,NONE
PRA000213,15,Ophtalmo,3,323,4235,13.11,32,6.13,8.78,-1.27,193,21.94,36,20,17.36,35.82,151687.36,35.11,-15.03,-0.38,3,20,0.47,8,36.11,0.45315320038935347,1,-0.534782479058045,PRA000213,1,0,1,0,0,0,HIGH
PRA000214,15,Ophtalmo,1,319,4219,13.23,35,6.27,7.58,-0.22,191,22.09,22,0,17.9,26.51,111835.28,0.0,-9.49,0.0,2,0,0.0,8,35.59,0.17100611264810328,0,-0.4302302463086028,PRA000214,0,0,0,0,0,0,NONE
PRA000215,15,Ophtalmo,1,318,4262,13.4,31,5.97,9.31,0.45,200,21.31,17,0,15.09,26.45,112724.0,0.0,-12.76,0.0,2,0,0.0,13,31.67,0.12528561153651047,0,-0.4132880885429194,PRA000215,0,0,0,0,0,0,NONE
PRA000216,15,Ophtalmo,3,322,4286,13.31,30,6.12,8.68,0.01,197,21.76,40,0,15.26,35.81,153473.15,35.12,-9.84,-0.38,2,0,0.0,15,31.87,0.12309751642845337,0,-0.41247726950931907,PRA000216,0,0,0,0,0,0,NONE
PRA000217,15,Ophtalmo,1,317,4296,13.55,30,6.27,8.15,1.04,211,20.36,14,0,16.22,26.42,113483.52,0.0,-19.15,0.0,2,0,0.0,14,33.78,0.16611759799186449,0,-0.42841876164565684,PRA000217,0,0,0,0,0,0,NONE
PRA000218,15,Ophtalmo,1,320,4267,13.33,28,5.98,8.67,0.17,204,20.92,18,0,10.99,26.58,113402.0,0.0,-17.03,0.0,2,0,0.0,13,34.14,0.075465647389915,0,-0.3948268365458739,PRA000218,0,0,0,0,0,0,NONE
PRA000219,15,Ophtalmo,3,320,4286,13.39,36,6.3,7.89,0.52,208,20.61,59,0,19.95,35.72,153096.7,34.9,-7.89,-0.38,2,0,0.0,10,36.81,0.17539051305485562,0,-0.4318549267384568,PRA000219,0,0,0,0,0,0,NONE
PRA000220,15,Ophtalmo,3,321,4290,13.36,34,6.5,8.23,0.33,208,20.63,64,0,15.45,35.72,153249.51,35.05,-4.45,-0.38,2,0,0.0,9,36.99,0.1612834871547863,0,-0.4266274368249013,PRA000220,0,0,0,0,0,0,NONE
PRA000221,15,Ophtalmo,3,322,4221,13.11,28,6.3,8.91,-1.27,200,21.11,54,0,17.77,83.11,350801.28,214.18,-12.43,2.27,2,0,0.0,11,33.62,0.36389575189334317,1,-0.5017072997092706,PRA000221,1,0,0,0,1,0,HIGH
PRA000222,15,Ophtalmo,1,319,4115,12.9,29,5.57,8.6,-1.53,195,21.1,24,0,14.31,26.67,109736.08,0.0,-13.15,0.0,2,0,0.0,12,32.31,0.08478494120856618,0,-0.3982801877187969,PRA000222,0,0,0,0,0,0,NONE
PRA000223,15,Ophtalmo,1,319,4263,13.36,30,6.1,8.28,0.29,209,20.4,44,0,14.38,26.55,113169.36,0.0,-13.46,0.0,2,0,0.0,13,33.8,0.08289239463086187,0,-0.39757888694739657,PRA000223,0,0,0,0,0,0,NONE
PRA000224,15,Ophtalmo,3,314,4254,13.55,29,5.86,8.39,1.54,171,24.88,6,0,21.25,35.7,151877.15,35.4,-14.07,-0.37,2,0,0.0,12,31.62,0.19989016241138668,0,-0.4409335001248064,PRA000224,0,0,0,0,0,0,NONE
PRA000225,15,Ophtalmo,3,322,4291,13.33,31,6.42,8.11,0.14,215,19.96,31,0,17.25,35.84,153780.63,35.27,-8.82,-0.38,2,0,0.0,8,38.92,0.12757528989224215,0,-0.41413655019562073,PRA000225,0,0,0,0,0,0,NONE
PRA000226,7,Specialistes,3,312,3138,10.06,22,4.76,7.62,0.21,220,14.26,16,0,15.93,40.54,127221.37,35.14,-10.75,0.31,2,0,0.0,10,35.44,0.14234342667688754,0,-0.4196090209084847,PRA000226,0,0,0,0,0,0,NONE
PRA000227,7,Specialistes,1,313,3232,10.33,23,4.61,7.46,1.64,219,14.76,26,0,17.88,30.0,96960.0,0.0,-15.21,0.0,2,0,0.0,8,39.11,0.21058512913618452,0,-0.4448966197132817,PRA000227,0,0,0,0,0,0,NONE
PRA000228,7,Specialistes,3,313,3204,10.24,27,4.67,8.18,1.51,205,15.63,54,0,14.23,40.53,129855.48,35.1,-17.29,0.18,2,0,0.0,15,32.47,0.17475005164289062,0,-0.43161759779366116,PRA000228,0,0,0,0,0,0,NONE
PRA000229,7,Specialistes,1,312,3195,10.24,22,4.41,8.33,1.17,186,17.18,26,0,22.44,30.0,95850.0,0.0,-13.16,0.0,2,0,0.0,13,33.68,0.10384325350306833,0,-0.405342422947869,PRA000229,0,0,0,0,0,0,NONE
PRA000230,7,Specialistes,3,312,3121,10.0,24,4.29,8.2,-0.22,203,15.37,30,0,18.07,40.46,126285.77,34.88,-13.94,-0.54,2,0,0.0,13,34.93,0.07410808480074368,0,-0.39432377907705063,PRA000230,0,0,0,0,0,0,NONE
PRA000231,7,Specialistes,1,312,3167,10.15,20,4.02,9.03,0.71,192,16.49,29,0,17.08,30.0,95010.0,0.0,-13.82,0.0,2,0,0.0,9,35.92,0.14435033046657933,0,-0.42035269781050544,PRA000231,0,0,0,0,0,0,NONE
PRA000232,7,Specialistes,3,312,3126,10.02,23,4.4,7.71,-0.08,203,15.4,26,0,14.2,40.45,126455.25,34.84,-11.78,-0.68,2,0,0.0,12,33.12,0.11179643544335197,0,-0.40828954863318445,PRA000232,0,0,0,0,0,0,NONE
PRA000233,7,Specialistes,3,312,3098,9.93,22,4.35,8.2,-0.72,210,14.75,27,0,14.56,40.41,125187.13,34.7,-14.86,-1.14,2,0,0.0,13,33.9,0.13441398240847732,0,-0.41667069143869817,PRA000233,0,0,0,0,0,0,NONE
PRA000234,7,Specialistes,3,312,3117,9.99,25,4.43,8.57,-0.29,199,15.66,55,0,12.61,40.39,125894.91,34.63,-12.51,-1.37,2,0,0.0,12,35.83,0.11996997365612658,0,-0.411318329388817,PRA000234,0,0,0,0,0,0,NONE
PRA000235,7,Specialistes,1,312,3206,10.28,25,4.6,7.89,1.38,202,15.87,59,0,15.19,30.0,96180.0,0.0,-10.86,0.0,2,0,0.0,10,34.98,0.1372713553041137,0,-0.41772951759362376,PRA000235,0,0,0,0,0,0,NONE
PRA000236,7,Specialistes,1,312,3117,9.99,24,4.26,8.37,-0.12,203,15.35,1,0,17.58,30.0,93510.0,0.0,-14.24,0.0,2,0,0.0,11,32.88,0.08438217664199386,0,-0.39813093955520745,PRA000236,0,0,0,0,0,0,NONE
PRA000237,7,Specialistes,1,312,3136,10.05,23,4.55,7.56,0.19,229,13.69,19,0,16.58,30.0,94080.0,0.0,-14.33,0.0,2,0,0.0,8,40.48,0.18334905532082324,0,-0.43480403874240847,PRA000237,0,0,0,0,0,0,NONE
PRA000238,7,Specialistes,1,313,3045,9.73,24,4.5,7.91,-1.47,234,13.01,27,0,17.24,30.0,91350.0,0.0,-9.21,0.0,2,0,0.0,15,30.31,0.24053092738661172,1,-0.45599331432604967,PRA000238,0,0,0,0,0,0,NONE
PRA000239,7,Specialistes,1,312,3110,9.97,24,4.37,8.55,-0.22,208,14.95,33,0,17.14,30.0,93300.0,0.0,-9.55,0.0,2,0,0.0,14,33.71,0.10332598570756844,0,-0.4051507445457212,PRA000239,0,0,0,0,0,0,NONE
PRA000240,7,Specialistes,1,312,3040,9.74,21,4.3,8.55,-1.41,213,14.27,48,0,14.08,30.0,91200.0,0.0,-16.76,0.0,2,0,0.0,9,35.82,0.17486176927758748,0,-0.43165899580431777,PRA000240,0,0,0,0,0,0,NONE
PRA000241,7,Specialistes,1,312,3171,10.16,22,4.25,8.74,0.76,208,15.25,16,0,14.79,30.0,95130.0,0.0,-13.47,0.0,2,0,0.0,8,36.39,0.12796456314912547,0,-0.41428079902867665,PRA000241,0,0,0,0,0,0,NONE
PRA000242,7,Specialistes,3,313,3099,9.9,22,4.47,8.39,-0.94,191,16.23,13,0,21.07,40.43,125298.97,34.77,-16.05,-0.91,2,0,0.0,10,34.74,0.11046699674446817,0,-0.40779691273399954,PRA000242,0,0,0,0,0,0,NONE
PRA000243,7,Specialistes,3,312,3139,10.06,23,4.47,8.06,0.21,208,15.09,17,0,17.55,40.72,127835.59,35.75,-12.11,2.33,2,0,0.0,8,43.37,0.2203066210330693,0,-0.44849900913226104,PRA000243,0,0,0,0,0,0,NONE
PRA000244,7,Specialistes,3,312,3113,9.98,23,4.53,8.35,-0.36,208,14.97,19,0,18.76,40.47,125972.3,34.89,-10.43,-0.51,2,0,0.0,10,32.46,0.095878290878636,0,-0.4023909318202556,PRA000244,0,0,0,0,0,0,NONE
PRA000245,7,Specialistes,1,312,3144,10.08,22,4.32,8.33,0.35,201,15.64,40,0,16.38,30.0,94320.0,0.0,-15.6,0.0,2,0,0.0,14,33.25,0.08775858508826208,0,-0.39938209917041906,PRA000245,0,0,0,0,0,0,NONE
PRA000246,7,Specialistes,3,312,3125,10.02,22,4.37,8.0,-0.08,202,15.47,39,0,16.19,40.51,126593.61,35.03,-7.16,-0.05,2,0,0.0,14,32.07,0.13380881072055534,0,-0.41644643943001886,PRA000246,0,0,0,0,0,0,NONE
PRA000247,7,Specialistes,3,312,3144,10.08,22,4.52,7.82,0.36,194,16.21,13,0,21.82,40.34,126841.46,34.48,-11.48,-1.86,2,0,0.0,10,34.82,0.1503395472811203,0,-0.42257205791588076,PRA000247,0,0,0,0,0,0,NONE
PRA000248,7,Specialistes,3,313,3123,9.98,27,4.37,8.49,-0.36,196,15.93,25,0,17.32,40.41,126206.08,34.71,-16.68,-1.1,2,0,0.0,15,36.37,0.14561882431831533,0,-0.42082275002862213,PRA000248,0,0,0,0,0,0,NONE
PRA000249,7,Specialistes,3,312,3131,10.04,27,4.52,8.11,0.07,196,15.97,51,0,11.11,40.42,126569.54,34.75,-13.73,-0.97,2,0,0.0,10,34.12,0.09588293601830067,0,-0.40239265312004735,PRA000249,0,0,0,0,0,0,NONE
PRA000250,7,Specialistes,3,313,3094,9.88,24,4.31,8.5,-1.09,210,14.73,67,0,17.16,40.55,125450.6,35.15,-11.23,0.35,2,0,0.0,9,35.21,0.1517674992322405,0,-0.4231011988187472,PRA000250,0,0,0,0,0,0,NONE
PRA000251,7,Specialistes,3,312,3158,10.12,22,4.38,8.17,0.65,206,15.33,71,0,19.19,40.46,127770.46,34.86,-14.91,-0.61,2,0,0.0,14,32.12,0.15563813148413838,0,-0.4245354976709085,PRA000251,0,0,0,0,0,0,NONE
PRA000252,7,Specialistes,3,310,3151,10.16,23,4.5,7.68,0.94,207,15.22,27,0,17.93,40.54,127735.22,35.13,-16.05,0.28,2,0,0.0,13,32.88,0.1245452695849244,0,-0.41301374793335976,PRA000252,0,0,0,0,0,0,NONE
PRA000253,7,Specialistes,3,313,3183,10.17,22,4.5,7.54,1.01,201,15.84,7,0,18.38,40.61,129250.05,35.35,-12.59,1.01,2,0,0.0,11,33.75,0.15740236616883893,0,-0.4251892512745913,PRA000253,0,0,0,0,0,0,NONE
PRA000254,7,Specialistes,3,312,3030,9.71,26,4.18,8.75,-2.31,200,15.15,37,0,13.17,40.52,122786.79,35.08,-12.07,0.12,2,0,0.0,9,37.0,0.1935467551746474,0,-0.4385828914577119,PRA000254,0,0,0,0,0,0,NONE
PRA000255,7,Specialistes,3,313,3106,9.92,25,4.62,8.24,-0.8,194,16.01,64,0,12.14,40.31,125199.64,34.36,-16.21,-2.26,2,0,0.0,12,32.28,0.15789260361655447,0,-0.4253709133294662,PRA000255,0,0,0,0,0,0,NONE
PRA000256,7,Specialistes,3,312,3187,10.21,25,4.63,7.62,1.3,195,16.34,59,0,13.24,40.49,129028.7,34.95,-16.73,-0.31,2,0,0.0,10,34.4,0.1548550228453681,0,-0.4242453094668612,PRA000256,0,0,0,0,0,0,NONE
PRA000257,7,Specialistes,1,312,3152,10.1,24,4.47,7.84,0.45,183,17.22,26,0,16.02,30.0,94560.0,0.0,-11.93,0.0,2,0,0.0,11,32.83,0.09984337118591437,0,-0.40386022927951903,PRA000257,0,0,0,0,0,0,NONE
PRA000258,7,Specialistes,3,312,3071,9.84,21,4.31,8.27,-1.37,202,15.2,28,0,13.03,40.6,124672.54,35.32,-12.63,0.91,2,0,0.0,9,34.12,0.15607957387853758,0,-0.42469907826404585,PRA000258,0,0,0,0,0,0,NONE
PRA000259,7,Specialistes,3,312,3173,10.17,26,4.5,8.57,1.01,216,14.69,36,0,14.37,40.55,128665.83,35.17,-14.99,0.41,2,0,0.0,10,34.67,0.10581872821096482,0,-0.4060744535107364,PRA000259,0,0,0,0,0,0,NONE
PRA000260,7,Specialistes,3,312,3088,9.9,20,4.29,8.42,-0.94,216,14.3,22,0,17.16,40.68,125607.07,35.59,-12.93,1.8,2,0,0.0,9,34.48,0.17476383996481082,0,-0.4316227071848449,PRA000260,0,0,0,0,0,0,NONE
PRA000261,7,Specialistes,3,312,3129,10.03,25,4.24,7.89,0.0,219,14.29,25,0,16.71,40.56,126915.69,35.2,-13.0,0.51,2,0,0.0,15,32.46,0.12464361868951214,0,-0.41305019211060034,PRA000261,0,0,0,0,0,0,NONE
PRA000262,7,Specialistes,3,312,3076,9.86,21,4.32,8.22,-1.23,197,15.61,10,0,16.06,40.58,124838.07,35.28,-11.82,0.78,2,0,0.0,15,33.54,0.17545269912340902,0,-0.4318779703656841,PRA000262,0,0,0,0,0,0,NONE
PRA000263,7,Specialistes,1,312,3157,10.12,22,4.44,8.58,0.55,192,16.44,13,0,14.16,30.0,94710.0,0.0,-12.64,0.0,2,0,0.0,12,35.1,0.08807229982743932,0,-0.39949834909059356,PRA000263,0,0,0,0,0,0,NONE
PRA000264,7,Specialistes,1,312,3198,10.25,22,4.48,7.6,1.23,179,17.87,0,0,10.57,30.0,95940.0,0.0,-11.99,0.0,2,0,0.0,15,33.87,0.23355644582334031,0,-0.4534088551861468,PRA000264,0,0,0,0,0,0,NONE
PRA000265,7,Specialistes,1,312,3019,9.68,23,4.37,8.68,-1.72,239,12.63,25,0,12.36,30.0,90570.0,0.0,-13.99,0.0,2,0,0.0,14,34.03,0.22879339984761887,0,-0.4516438641120351,PRA000265,0,0,0,0,0,0,NONE
PRA000266,7,Specialistes,3,312,3177,10.18,26,4.45,8.69,1.08,175,18.15,35,0,13.44,40.55,128811.68,35.15,-13.09,0.35,2,0,0.0,11,35.29,0.12240217901127602,0,-0.41221960574939115,PRA000266,0,0,0,0,0,0,NONE
PRA000267,7,Specialistes,3,314,3107,9.89,26,4.3,8.56,-1.01,192,16.18,48,0,17.19,40.54,125944.16,35.12,-10.56,0.25,2,0,0.0,10,34.38,0.10442295199852837,0,-0.4055572356276916,PRA000267,0,0,0,0,0,0,NONE
PRA000268,7,Specialistes,3,313,3198,10.22,24,4.57,8.13,1.37,235,13.61,24,0,17.51,40.52,129592.74,35.08,-12.33,0.12,2,0,0.0,10,36.26,0.138256084399938,0,-0.41809441813697507,PRA000268,0,0,0,0,0,0,NONE
PRA000269,7,Specialistes,3,312,3171,10.16,23,4.41,8.33,0.94,224,14.16,31,0,14.98,40.66,128940.6,35.54,-13.68,1.63,2,0,0.0,8,39.26,0.18680116354859286,0,-0.4360832496171173,PRA000269,0,0,0,0,0,0,NONE
PRA000270,7,Specialistes,1,313,3074,9.82,25,4.5,8.0,-1.0,225,13.66,28,0,15.55,30.0,92220.0,0.0,-13.92,0.0,2,0,0.0,9,33.8,0.12755477528493575,0,-0.4141289483167035,PRA000270,0,0,0,0,0,0,NONE
PRA000271,7,Specialistes,3,312,3064,9.82,23,4.23,8.45,-1.52,192,15.96,40,0,15.67,40.45,123936.72,34.83,-14.77,-0.71,2,0,0.0,13,33.86,0.1417868422588837,0,-0.41940277336546833,PRA000271,0,0,0,0,0,0,NONE
PRA000272,7,Specialistes,3,312,3121,10.0,22,4.15,7.98,-0.22,199,15.68,16,0,16.6,40.56,126588.06,35.2,-17.48,0.51,2,0,0.0,14,30.1,0.1381175968812822,0,-0.4180431002963434,PRA000272,0,0,0,0,0,0,NONE
PRA000273,7,Specialistes,3,314,3146,10.02,26,4.38,8.26,-0.08,198,15.89,1,0,11.06,40.32,126843.28,34.4,-11.23,-2.13,2,0,0.0,9,33.59,0.1444055603038314,0,-0.42037316374139744,PRA000273,0,0,0,0,0,0,NONE
PRA000274,7,Specialistes,1,311,3127,10.05,25,4.45,7.83,0.19,192,16.29,26,0,16.12,30.0,93810.0,0.0,-16.49,0.0,2,0,0.0,9,34.95,0.08511495919444996,0,-0.39840247895897185,PRA000274,0,0,0,0,0,0,NONE
PRA000275,7,Specialistes,1,312,3068,9.83,21,4.28,8.83,-0.95,186,16.49,14,0,15.12,30.0,92040.0,0.0,-14.85,0.0,2,0,0.0,14,34.31,0.1405006803377001,0,-0.41892617407956545,PRA000275,0,0,0,0,0,0,NONE
PRA000276,7,Specialistes,1,312,3094,9.92,25,4.59,8.08,-0.48,226,13.69,15,0,14.25,30.0,92820.0,0.0,-18.21,0.0,2,0,0.0,14,33.54,0.14356293866665462,0,-0.4200609224411767,PRA000276,0,0,0,0,0,0,NONE
PRA000277,7,Specialistes,3,313,3124,9.98,22,4.42,8.58,-0.36,195,16.02,18,0,17.45,40.46,126391.76,34.86,-16.37,-0.61,2,0,0.0,12,32.79,0.08940116607748712,0,-0.3999907728635275,PRA000277,0,0,0,0,0,0,NONE
PRA000278,7,Specialistes,1,312,3085,9.89,22,4.43,7.68,-0.64,211,14.62,23,0,11.12,30.0,92550.0,0.0,-14.71,0.0,2,0,0.0,15,32.13,0.1400067204688823,0,-0.4187431326468611,PRA000278,0,0,0,0,0,0,NONE
PRA000279,7,Specialistes,3,312,3176,10.18,23,4.42,8.15,1.08,193,16.46,40,0,16.53,40.56,128831.68,35.21,-10.81,0.54,2,0,0.0,11,33.08,0.11643316992841984,0,-0.41000773380731165,PRA000279,0,0,0,0,0,0,NONE
PRA000280,7,Specialistes,3,312,3095,9.92,22,4.39,8.95,-0.8,191,16.2,9,0,18.38,40.5,125332.27,34.98,-15.08,-0.21,2,0,0.0,15,33.38,0.14904458494298897,0,-0.422092197553465,PRA000280,0,0,0,0,0,0,NONE
PRA000281,7,Specialistes,3,312,3154,10.11,27,4.57,7.83,0.57,185,17.05,0,0,13.82,40.48,127670.94,34.93,-14.16,-0.38,2,0,0.0,8,38.58,0.14593085371177295,0,-0.42093837542823415,PRA000281,0,0,0,0,0,0,NONE
PRA000282,7,Specialistes,3,313,3108,9.93,22,4.24,8.72,-0.72,195,15.94,28,0,13.0,40.42,125623.09,34.73,-14.03,-1.04,2,0,0.0,12,33.7,0.12271328024013488,0,-0.41233488720896133,PRA000282,0,0,0,0,0,0,NONE
PRA000283,7,Specialistes,1,312,3203,10.27,26,4.42,7.96,1.33,193,16.6,52,0,14.99,30.0,96090.0,0.0,-8.09,0.0,2,0,0.0,11,33.83,0.14103159599051182,0,-0.41912290982242734,PRA000283,0,0,0,0,0,0,NONE
PRA000284,7,Specialistes,3,312,3107,9.96,26,4.4,8.27,-0.51,181,17.17,54,0,14.48,40.48,125772.86,34.93,-16.34,-0.38,2,0,0.0,12,31.85,0.11761577555537729,0,-0.41044595934332656,PRA000284,0,0,0,0,0,0,NONE
PRA000285,7,Specialistes,1,313,3013,9.63,24,4.43,8.43,-1.98,197,15.29,40,0,13.74,30.0,90390.0,0.0,-11.57,0.0,2,0,0.0,12,33.8,0.15500142183062662,0,-0.4242995589751711,PRA000285,0,0,0,0,0,0,NONE
PRA000286,7,Specialistes,3,312,3127,10.02,25,4.33,8.03,-0.08,174,17.97,27,0,15.32,40.53,126737.7,35.1,-11.1,0.18,2,0,0.0,11,33.17,0.09633495996715614,0,-0.4025601548068002,PRA000286,0,0,0,0,0,0,NONE
PRA000287,7,Specialistes,3,312,3147,10.09,28,4.58,8.39,0.43,188,16.74,7,0,12.52,40.45,127309.7,34.85,-16.87,-0.64,2,0,0.0,15,36.17,0.1578681471012238,0,-0.4253618507397951,PRA000287,0,0,0,0,0,0,NONE
PRA000288,7,Specialistes,3,313,3232,10.33,21,4.56,8.66,2.16,188,17.19,67,0,16.0,40.52,130947.68,35.05,-14.17,0.02,2,0,0.0,10,33.25,0.17864119623176297,0,-0.43305949768344704,PRA000288,0,0,0,0,0,0,NONE
PRA000289,7,Specialistes,1,312,3114,9.98,20,4.32,9.09,-0.17,181,17.2,21,0,12.85,30.0,93420.0,0.0,-12.18,0.0,2,0,0.0,12,34.65,0.1734870396432053,0,-0.43114957692690836,PRA000289,0,0,0,0,0,0,NONE
PRA000290,7,Specialistes,3,312,3085,9.89,21,4.32,7.94,-1.01,221,13.96,3,0,12.38,40.55,125081.6,35.15,-12.65,0.35,2,0,0.0,15,28.36,0.20731264709739064,0,-0.44368397099687135,PRA000290,0,0,0,0,0,0,NONE
PRA000291,7,Specialistes,3,312,3102,9.94,20,4.18,8.54,-0.65,215,14.43,33,0,16.18,40.54,125762.96,35.14,-14.58,0.31,2,0,0.0,10,34.71,0.11720078965737776,0,-0.41029218245148363,PRA000291,0,0,0,0,0,0,NONE
PRA000292,7,Specialistes,1,312,3132,10.04,25,4.45,8.08,0.14,194,16.14,26,0,13.47,30.0,93960.0,0.0,-11.1,0.0,2,0,0.0,13,34.66,0.07105022972968501,0,-0.39319066238368755,PRA000292,0,0,0,0,0,0,NONE
PRA000293,7,Specialistes,3,312,3138,10.06,22,4.45,8.09,0.21,187,16.78,27,0,16.92,40.7,127716.64,35.67,-16.53,2.06,2,0,0.0,10,33.71,0.14556187110103702,0,-0.42080164548320087,PRA000293,0,0,0,0,0,0,NONE
PRA000294,7,Specialistes,1,313,3158,10.09,24,4.47,8.55,0.4,209,15.11,67,0,14.95,30.0,94740.0,0.0,-11.58,0.0,2,0,0.0,15,35.23,0.1488018222211547,0,-0.4220022395645334,PRA000294,0,0,0,0,0,0,NONE
PRA000295,7,Specialistes,3,312,3225,10.34,24,4.5,7.94,2.23,214,15.07,33,0,11.81,40.59,130899.02,35.3,-13.24,0.84,2,0,0.0,13,31.34,0.18489801379867143,0,-0.43537801974143875,PRA000295,0,0,0,0,0,0,NONE
PRA000296,7,Specialistes,3,313,3125,9.98,21,4.45,7.87,-0.36,198,15.78,9,0,17.44,40.53,126644.32,35.09,-14.65,0.15,2,0,0.0,12,32.42,0.11263546204955892,0,-0.4086004577611765,PRA000296,0,0,0,0,0,0,NONE
PRA000297,7,Specialistes,3,311,3103,9.98,23,4.26,8.38,-0.36,193,16.08,4,0,14.31,40.51,125692.17,35.02,-15.05,-0.08,2,0,0.0,10,33.46,0.09254254486132864,0,-0.401154840047037,PRA000297,0,0,0,0,0,0,NONE
PRA000298,7,Specialistes,3,312,3221,10.32,22,4.5,7.79,2.09,205,15.71,30,0,15.9,40.53,130554.47,35.11,-17.05,0.21,2,0,0.0,14,33.17,0.1833775932676662,0,-0.43481461374456215,PRA000298,0,0,0,0,0,0,NONE
PRA000299,7,Specialistes,1,312,3105,9.95,23,4.55,7.38,-0.33,211,14.72,0,0,19.23,30.0,93150.0,0.0,-14.41,0.0,2,0,0.0,15,32.27,0.19481911437083108,0,-0.4390543760152356,PRA000299,0,0,0,0,0,0,NONE
PRA000300,7,Specialistes,3,312,3090,9.9,22,4.43,8.06,-0.94,202,15.3,36,0,16.73,40.69,125747.07,35.65,-16.39,2.0,2,0,0.0,12,33.08,0.15791405833685138,0,-0.4253788635760132,PRA000300,0,0,0,0,0,0,NONE
PRA000301,19,Dentiste,1,312,3156,10.12,26,4.6,8.4,0.41,206,15.32,28,0,15.49,66.18,208869.5,0.0,-11.94,-0.2,3,0,0.0,0,0.0,0.09443865876341077,0,-0.4018574627237302,PRA000301,0,0,0,0,0,0,NONE
PRA000302,19,Dentiste,1,312,3161,10.13,23,4.51,7.47,0.48,211,14.98,13,0,15.98,65.47,206949.5,0.0,-8.33,-0.2,3,0,0.0,0,0.0,0.16727137046729484,0,-0.4288463027886713,PRA000302,0,0,0,0,0,0,NONE
PRA000303,19,Dentiste,3,313,3107,9.93,29,4.59,8.14,-0.71,225,13.81,32,0,13.52,88.44,274774.2,34.97,-12.53,-0.24,3,0,0.0,0,0.0,0.19248920391450516,0,-0.4381910059827278,PRA000303,0,0,0,0,0,0,NONE
PRA000304,19,Dentiste,1,312,3065,9.82,23,4.41,8.97,-1.68,191,16.05,31,0,13.93,65.16,199716.5,0.0,-18.72,-0.2,3,0,0.0,0,0.0,0.22300780471878875,0,-0.44949995791989245,PRA000304,0,0,0,0,0,0,NONE
PRA000305,19,Dentiste,3,313,3139,10.03,23,4.43,8.63,-0.19,198,15.85,31,0,14.97,88.78,278683.45,34.61,-14.72,-0.25,3,0,0.0,0,0.0,0.12013650609163198,0,-0.41138003953474367,PRA000305,0,0,0,0,0,0,NONE
PRA000306,19,Dentiste,1,311,3140,10.1,24,4.47,7.64,0.27,185,16.97,19,0,19.14,65.32,205101.5,0.0,-13.21,-0.2,3,0,0.0,0,0.0,0.10660675379153811,0,-0.4063664637333908,PRA000306,0,0,0,0,0,0,NONE
PRA000307,19,Dentiste,1,312,3142,10.07,23,4.5,8.24,0.06,186,16.89,35,0,19.45,64.36,202208.5,0.0,-11.33,-0.2,3,0,0.0,0,0.0,0.08568849349875422,0,-0.3986150074403163,PRA000307,0,0,0,0,0,0,NONE
PRA000308,19,Dentiste,3,313,3074,9.82,23,4.23,8.23,-1.28,225,13.66,21,0,16.56,86.12,264727.37,34.64,-12.84,-0.25,3,0,0.0,0,0.0,0.21206968733159187,0,-0.445446736587494,PRA000308,0,0,0,0,0,0,NONE
PRA000309,19,Dentiste,3,312,3214,10.3,25,4.67,8.09,1.21,202,15.91,80,0,16.96,182.92,587892.92,175.25,-10.83,4.18,3,0,0.0,0,0.0,0.5522152606329449,1,-0.5714908486610852,PRA000309,1,0,0,0,1,0,HIGH
PRA000310,19,Dentiste,3,312,3131,10.04,22,4.45,8.05,-0.14,201,15.58,25,0,14.76,88.38,276732.17,35.35,-18.0,-0.22,3,0,0.0,0,0.0,0.14652231493317938,0,-0.42115754689577545,PRA000310,0,0,0,0,0,0,NONE
PRA000311,19,Dentiste,1,311,3038,9.77,22,4.34,7.87,-2.03,194,15.66,32,0,15.73,65.24,198185.5,0.0,-10.23,-0.2,3,0,0.0,0,0.0,0.22004636965344163,0,-0.4484025705582037,PRA000311,0,0,0,0,0,0,NONE
PRA000312,19,Dentiste,1,312,3146,10.08,28,4.67,8.23,0.13,204,15.42,40,0,15.1,65.55,206216.5,0.0,-12.56,-0.2,3,0,0.0,0,0.0,0.09052233042673968,0,-0.40040623076150494,PRA000312,0,0,0,0,0,0,NONE
PRA000313,19,Dentiste,3,312,3161,10.13,24,4.4,7.91,0.33,222,14.24,22,0,16.1,87.58,276831.07,35.64,-12.81,-0.22,3,0,0.0,0,0.0,0.1580697876328877,0,-0.4254365705179329,PRA000313,0,0,0,0,0,0,NONE
PRA000314,19,Dentiste,1,312,3077,9.86,21,4.2,7.96,-1.4,164,18.76,31,0,18.52,150.17,462083.77,128.43,-17.84,2.44,3,0,0.0,0,0.0,0.47396916454194765,1,-0.5424960285630533,PRA000314,1,0,0,0,1,0,HIGH
PRA000315,19,Dentiste,1,312,3099,9.93,22,4.26,8.33,-0.91,173,17.91,0,0,10.07,65.58,203243.5,0.0,-1.89,-0.2,3,0,0.0,0,0.0,0.23382051273574753,0,-0.45350670764143336,PRA000315,0,0,0,0,0,0,NONE
PRA000316,19,Dentiste,1,313,3183,10.17,21,4.62,8.01,0.76,191,16.66,44,0,13.04,65.24,207663.0,0.0,-18.15,-0.2,3,0,0.0,0,0.0,0.15339041676523726,0,-0.42370258603490246,PRA000316,0,0,0,0,0,0,NONE
PRA000317,19,Dentiste,1,312,3179,10.19,23,4.49,8.21,0.9,190,16.73,37,0,13.59,65.23,207372.0,0.0,-14.87,-0.2,3,0,0.0,0,0.0,0.10113206946106955,0,-0.4043377684350229,PRA000317,0,0,0,0,0,0,NONE
PRA000318,19,Dentiste,1,311,3227,10.38,21,4.44,7.75,2.23,194,16.63,36,0,12.8,66.07,213204.0,0.0,-12.17,-0.2,3,0,0.0,0,0.0,0.20709886617966955,0,-0.4436047524855413,PRA000318,0,0,0,0,0,0,NONE
PRA000319,19,Dentiste,3,312,3073,9.85,25,4.37,8.72,-1.13,180,17.07,0,0,14.06,88.69,272533.13,34.92,-14.54,-0.24,3,0,0.0,0,0.0,0.1921417525839925,0,-0.4380622546542357,PRA000319,0,0,0,0,0,0,NONE
PRA000320,19,Dentiste,1,312,3205,10.27,22,4.59,8.3,1.46,199,16.11,13,0,19.41,65.73,210665.5,0.0,-9.62,-0.2,3,0,0.0,0,0.0,0.13911497352623106,0,-0.4184126875068879,PRA000320,0,0,0,0,0,0,NONE
PRA000321,19,Dentiste,1,312,3127,10.02,24,4.12,8.79,-0.29,195,16.04,10,0,15.93,65.05,203424.0,0.0,-16.21,-0.2,3,0,0.0,0,0.0,0.11390213775333594,0,-0.4090698362476233,PRA000321,0,0,0,0,0,0,NONE
PRA000322,19,Dentiste,1,312,3094,9.92,24,4.45,8.44,-0.98,197,15.71,36,0,13.35,65.68,203202.0,0.0,-15.08,-0.2,3,0,0.0,0,0.0,0.1004868702840213,0,-0.4040986838672234,PRA000322,0,0,0,0,0,0,NONE
PRA000323,19,Dentiste,1,313,3143,10.04,23,4.32,8.91,-0.15,199,15.79,20,0,12.89,64.89,203947.5,0.0,-16.14,-0.2,3,0,0.0,0,0.0,0.11954528826145673,0,-0.4111609582580913,PRA000323,0,0,0,0,0,0,NONE
PRA000324,19,Dentiste,1,312,3214,10.3,24,4.73,8.09,1.67,194,16.57,20,0,19.6,65.71,211183.5,0.0,-12.18,-0.2,3,0,0.0,0,0.0,0.15130993601357517,0,-0.4229316445039447,PRA000324,0,0,0,0,0,0,NONE
PRA000325,19,Dentiste,3,312,3085,9.89,26,4.34,8.85,-0.92,203,15.2,58,0,15.17,88.95,274410.38,35.25,-13.47,-0.23,3,0,0.0,0,0.0,0.17094340712932563,0,-0.43020701019425406,PRA000325,0,0,0,0,0,0,NONE
PRA000326,19,Dentiste,1,312,3148,10.09,22,4.6,8.1,0.2,197,15.98,46,0,17.57,66.17,208298.0,0.0,-11.24,-0.2,3,0,0.0,0,0.0,0.09230304119280368,0,-0.401066089730681,PRA000326,0,0,0,0,0,0,NONE
PRA000327,19,Dentiste,1,312,3134,10.04,20,4.37,8.39,-0.15,166,18.88,25,0,15.76,66.84,209481.0,0.0,-16.95,-0.2,3,0,0.0,0,0.0,0.18241372032746175,0,-0.4344574416440386,PRA000327,0,0,0,0,0,0,NONE
PRA000328,19,Dentiste,1,312,3063,9.82,24,4.11,8.39,-1.68,204,15.01,44,0,11.95,66.06,202334.0,0.0,-14.96,-0.2,3,0,0.0,0,0.0,0.17284251676468923,0,-0.43091074296783255,PRA000328,0,0,0,0,0,0,NONE
PRA000329,19,Dentiste,3,312,3077,9.86,20,4.31,7.83,-1.07,229,13.44,9,0,14.69,89.56,275563.78,35.32,-10.43,-0.23,3,0,0.0,0,0.0,0.2624098817879854,1,-0.4641007647739687,PRA000329,0,0,0,0,0,0,NONE
PRA000330,19,Dentiste,1,312,3235,10.37,21,4.29,8.16,2.16,211,15.33,37,0,11.87,64.31,208040.0,0.0,-6.64,-0.2,3,0,0.0,0,0.0,0.2504666479512393,1,-0.45967508817430225,PRA000330,0,0,0,0,0,0,NONE
PRA000331,19,Dentiste,3,312,3089,9.9,26,4.62,8.35,-0.87,205,15.07,55,0,19.26,87.97,271746.63,35.28,-13.71,-0.23,3,0,0.0,0,0.0,0.1529773548078468,0,-0.42354952207718183,PRA000331,0,0,0,0,0,0,NONE
PRA000332,19,Dentiste,3,312,3284,10.53,27,4.77,7.76,2.4,200,16.42,20,0,13.86,87.59,287651.22,35.32,-8.62,-0.23,3,0,0.0,0,0.0,0.27327745826610633,1,-0.4681278465151238,PRA000332,0,0,0,0,0,0,NONE
PRA000333,19,Dentiste,3,312,3142,10.07,26,4.47,8.27,0.02,220,14.28,19,0,16.26,89.03,279738.24,35.51,-16.62,-0.22,3,0,0.0,0,0.0,0.15753186960470475,0,-0.4252372399796206,PRA000333,0,0,0,0,0,0,NONE
PRA000334,19,Dentiste,3,313,3101,9.91,22,4.39,8.42,-0.81,182,17.04,6,0,10.77,90.25,279869.28,35.21,-17.67,-0.23,3,0,0.0,0,0.0,0.1801233960969625,0,-0.4336087406564231,PRA000334,0,0,0,0,0,0,NONE
PRA000335,19,Dentiste,1,312,3061,9.81,24,4.01,8.66,-1.75,205,14.93,22,0,15.52,66.06,202210.5,0.0,-7.18,-0.2,3,0,0.0,0,0.0,0.2197158716291654,0,-0.44828010143532887,PRA000335,0,0,0,0,0,0,NONE
PRA000336,19,Dentiste,3,354,3776,10.67,25,5.52,11.02,3.13,719,5.25,55,0,14.91,78.9,297912.4,33.09,-7.4,-0.3,6,558,14.78,0,0.0,0.8031005542318849,1,-0.664458732255985,PRA000336,1,0,0,1,0,0,MEDIUM
PRA000337,19,Dentiste,1,313,3121,9.97,26,4.49,8.97,-0.63,183,17.05,4,0,18.55,63.92,199496.0,0.0,-12.79,-0.2,3,0,0.0,0,0.0,0.14018212099880634,0,-0.41880812894781816,PRA000337,0,0,0,0,0,0,NONE
PRA000338,19,Dentiste,1,312,3132,10.04,19,4.23,8.17,-0.15,223,14.04,23,0,17.05,65.13,203998.0,0.0,-10.27,-0.2,3,0,0.0,0,0.0,0.15271574574786803,0,-0.4234525804020179,PRA000338,0,0,0,0,0,0,NONE
PRA000339,19,Dentiste,3,311,3117,10.02,22,4.27,8.63,-0.24,186,16.76,51,0,10.62,88.9,277091.56,35.42,-12.8,-0.22,3,0,0.0,0,0.0,0.14718446391085202,0,-0.421402912370155,PRA000339,0,0,0,0,0,0,NONE
PRA000340,19,Dentiste,1,311,3169,10.19,24,4.61,8.05,0.9,196,16.17,12,0,20.1,65.41,207273.0,0.0,-12.14,-0.2,3,0,0.0,0,0.0,0.10666841671975326,0,-0.4063893135060905,PRA000340,0,0,0,0,0,0,NONE
PRA000341,19,Dentiste,1,312,3148,10.09,24,4.47,8.2,0.2,185,17.02,19,0,15.63,65.96,207650.5,0.0,-13.29,-0.2,3,0,0.0,0,0.0,0.08281599723469056,0,-0.3975505771802822,PRA000341,0,0,0,0,0,0,NONE
PRA000342,19,Dentiste,1,312,3119,10.0,22,4.45,8.5,-0.43,205,15.21,46,0,13.75,65.57,204498.5,0.0,-13.33,-0.2,3,0,0.0,0,0.0,0.09160412867857003,0,-0.4008071011852218,PRA000342,0,0,0,0,0,0,NONE
PRA000343,19,Dentiste,1,313,3167,10.12,22,4.63,8.02,0.41,185,17.12,25,0,15.19,65.34,206916.5,0.0,-13.86,-0.2,3,0,0.0,0,0.0,0.10374457615466105,0,-0.4053058571368221,PRA000343,0,0,0,0,0,0,NONE
PRA000344,19,Dentiste,3,312,3105,9.95,22,4.41,8.37,-0.61,216,14.38,21,0,11.01,87.69,272277.12,35.02,-12.83,-0.24,3,0,0.0,0,0.0,0.1306657020074772,0,-0.4152817312051092,PRA000344,0,0,0,0,0,0,NONE
PRA000345,19,Dentiste,3,312,3145,10.08,23,4.41,7.98,0.07,220,14.3,45,0,13.96,87.08,273855.31,34.64,-14.98,-0.25,3,0,0.0,0,0.0,0.15607276860160058,0,-0.42469655650525706,PRA000345,0,0,0,0,0,0,NONE
PRA000346,19,Dentiste,1,312,3154,10.11,23,4.56,7.67,0.34,223,14.14,10,0,12.81,65.57,206805.5,0.0,-8.81,-0.2,3,0,0.0,0,0.0,0.16657906313608817,0,-0.4285897618553378,PRA000346,0,0,0,0,0,0,NONE
PRA000347,19,Dentiste,3,312,3184,10.21,23,4.58,8.29,0.74,228,13.96,57,0,19.32,88.03,280303.24,35.47,-7.83,-0.22,3,0,0.0,0,0.0,0.224832081952516,0,-0.450175960849666,PRA000347,0,0,0,0,0,0,NONE
PRA000348,19,Dentiste,1,312,3134,10.04,22,4.46,7.69,-0.15,193,16.24,58,0,11.42,65.29,204618.5,0.0,-16.6,-0.2,3,0,0.0,0,0.0,0.1431243592713045,0,-0.41989840275901785,PRA000348,0,0,0,0,0,0,NONE
PRA000349,19,Dentiste,3,345,3588,10.4,24,5.33,9.78,1.73,520,6.9,21,0,15.33,83.15,298345.19,34.3,-18.4,-0.26,6,338,9.42,0,0.0,0.6495449837397976,1,-0.6075572845940997,PRA000349,1,0,0,1,0,0,MEDIUM
PRA000350,19,Dentiste,3,311,3131,10.07,21,4.36,8.59,0.02,170,18.42,19,0,17.66,90.15,282250.3,35.17,-14.15,-0.23,3,0,0.0,0,0.0,0.16151161699104316,0,-0.42671197246171527,PRA000350,1,0,1,0,0,0,HIGH
PRA000351,19,Dentiste,3,312,3215,10.3,27,4.68,8.4,1.21,188,17.1,26,0,12.63,86.97,279617.01,35.16,-9.58,-0.23,3,0,0.0,0,0.0,0.18144667162840278,0,-0.43409909273647596,PRA000351,0,0,0,0,0,0,NONE
PRA000352,19,Dentiste,1,312,3173,10.17,23,4.67,7.72,0.76,216,14.69,11,0,14.81,66.06,209600.0,0.0,-10.24,-0.2,3,0,0.0,0,0.0,0.1434943298521707,0,-0.42003549880559,PRA000352,0,0,0,0,0,0,NONE
PRA000353,19,Dentiste,1,312,3147,10.09,22,4.46,8.42,0.2,200,15.74,12,0,17.1,66.2,208322.0,0.0,-10.62,-0.2,3,0,0.0,0,0.0,0.08627938492722186,0,-0.3988339677657741,PRA000353,0,0,0,0,0,0,NONE
PRA000354,19,Dentiste,3,313,3113,9.95,22,4.47,7.93,-0.61,214,14.55,25,0,12.62,179.2,557844.13,171.94,-7.19,4.07,3,0,0.0,0,0.0,0.5376900127247147,1,-0.5661083826849085,PRA000354,1,0,0,0,1,0,HIGH
PRA000355,19,Dentiste,1,312,3106,9.96,21,4.39,8.08,-0.7,183,16.97,24,0,14.68,65.04,201999.5,0.0,-10.98,-0.2,3,0,0.0,0,0.0,0.12717197677482006,0,-0.41398709876140183,PRA000355,0,0,0,0,0,0,NONE
PRA000356,19,Dentiste,3,312,3189,10.22,26,4.61,8.65,0.79,185,17.24,17,0,18.0,88.99,283783.26,35.47,-13.6,-0.22,3,0,0.0,0,0.0,0.1634746633729815,0,-0.42743939759257676,PRA000356,0,0,0,0,0,0,NONE
PRA000357,19,Dentiste,3,343,3435,10.01,24,4.86,10.74,-0.3,536,6.41,38,0,15.43,81.97,281555.81,32.95,-19.74,-0.3,6,344,10.01,0,0.0,0.6697324651549514,1,-0.6150379439637893,PRA000357,1,0,0,1,0,0,MEDIUM
PRA000358,19,Dentiste,3,312,3073,9.85,24,4.31,8.79,-1.13,208,14.77,22,0,19.62,86.94,267168.76,34.57,-10.32,-0.25,3,0,0.0,0,0.0,0.1700636548666861,0,-0.42988100979474014,PRA000358,0,0,0,0,0,0,NONE
PRA000359,19,Dentiste,3,313,3163,10.11,22,4.62,8.09,0.22,173,18.28,11,0,19.29,87.61,277104.68,35.07,-5.54,-0.23,3,0,0.0,0,0.0,0.21666810847190646,0,-0.4471507243946729,PRA000359,0,0,0,0,0,0,NONE
PRA000360,19,Dentiste,1,312,3084,9.88,24,4.46,7.62,-1.26,195,15.82,18,0,15.63,65.98,203497.5,0.0,-15.02,-0.2,3,0,0.0,0,0.0,0.1586449845260113,0,-0.42564971508705834,PRA000360,0,0,0,0,0,0,NONE
PRA000361,19,Dentiste,3,313,3194,10.2,22,4.44,8.3,0.69,208,15.36,78,0,16.31,89.31,285271.38,35.26,-15.61,-0.23,3,0,0.0,0,0.0,0.20378623044022035,0,-0.4423772244411525,PRA000361,0,0,0,0,0,0,NONE
PRA000362,19,Dentiste,1,313,3196,10.21,24,4.39,7.79,1.04,187,17.09,13,0,12.55,65.87,210516.0,0.0,-13.66,-0.2,3,0,0.0,0,0.0,0.13987497665623094,0,-0.41869431374933536,PRA000362,0,0,0,0,0,0,NONE
PRA000363,19,Dentiste,3,312,3166,10.15,24,4.56,8.46,0.43,200,15.83,22,0,11.72,87.8,277980.85,35.27,-15.26,-0.23,3,0,0.0,0,0.0,0.1290480354274102,0,-0.41468228977849675,PRA000363,0,0,0,0,0,0,NONE
PRA000364,19,Dentiste,1,312,3145,10.08,25,4.49,8.68,0.13,203,15.49,19,0,15.77,64.46,202715.0,0.0,-9.95,-0.2,3,0,0.0,0,0.0,0.08698871723313703,0,-0.3990968174621451,PRA000364,0,0,0,0,0,0,NONE
PRA000365,19,Dentiste,1,312,3141,10.07,26,4.33,8.05,0.06,200,15.71,11,0,18.31,65.64,206181.0,0.0,-9.3,-0.2,3,0,0.0,0,0.0,0.10418581237312645,0,-0.4054693613295458,PRA000365,0,0,0,0,0,0,NONE
PRA000366,19,Dentiste,3,312,3124,10.01,21,4.25,8.51,-0.3,226,13.82,26,0,14.63,87.51,273372.83,34.98,-11.08,-0.24,3,0,0.0,0,0.0,0.1733793620794978,0,-0.4311096760022071,PRA000366,0,0,0,0,0,0,NONE
PRA000367,19,Dentiste,1,312,3120,10.0,24,4.65,8.24,-0.43,192,16.25,19,0,13.56,65.61,204707.0,0.0,-12.95,-0.2,3,0,0.0,0,0.0,0.07953961033187046,0,-0.3963364814801167,PRA000367,0,0,0,0,0,0,NONE
PRA000368,19,Dentiste,3,313,3112,9.94,22,4.34,8.55,-0.66,191,16.29,7,0,19.63,88.63,275810.39,35.15,-16.22,-0.23,3,0,0.0,0,0.0,0.1459794690373345,0,-0.42095639029017723,PRA000368,0,0,0,0,0,0,NONE
PRA000369,19,Dentiste,1,312,3155,10.11,22,4.41,8.3,0.34,211,14.95,16,0,15.59,65.0,205078.0,0.0,-17.4,-0.2,3,0,0.0,0,0.0,0.12199781890965332,0,-0.41206976634541964,PRA000369,0,0,0,0,0,0,NONE
PRA000370,19,Dentiste,3,313,3157,10.09,23,4.39,8.71,0.12,202,15.63,11,0,11.12,87.35,275765.12,35.42,-12.81,-0.22,3,0,0.0,0,0.0,0.13013071495351625,0,-0.4150834867666092,PRA000370,0,0,0,0,0,0,NONE
PRA000371,19,Dentiste,3,312,3074,9.85,24,4.26,8.13,-1.13,218,14.1,31,0,17.86,88.33,271514.2,34.85,-10.29,-0.24,3,0,0.0,0,0.0,0.1673863466400541,0,-0.4288889082809739,PRA000371,0,0,0,0,0,0,NONE
PRA000372,19,Dentiste,1,313,3140,10.03,22,4.48,7.77,-0.22,203,15.47,22,0,12.61,254.83,800181.14,294.76,-13.64,5.86,3,0,0.0,0,0.0,0.6418325606670441,1,-0.6046993743508291,PRA000372,1,0,0,0,1,0,HIGH
PRA000373,19,Dentiste,1,312,3184,10.21,25,4.57,8.01,1.04,193,16.5,5,0,14.04,65.41,208254.5,0.0,-19.37,-0.2,3,0,0.0,0,0.0,0.17160807404029196,0,-0.4304533087122807,PRA000373,0,0,0,0,0,0,NONE
PRA000374,19,Dentiste,3,312,3110,9.97,24,4.44,8.01,-0.5,208,14.95,30,0,14.53,89.52,278399.29,35.29,-16.63,-0.23,3,0,0.0,0,0.0,0.15391133796413922,0,-0.4238956182397277,PRA000374,0,0,0,0,0,0,NONE
PRA000375,19,Dentiste,3,312,3120,10.0,24,4.44,8.62,-0.35,197,15.84,22,0,7.92,89.65,279720.95,35.15,-13.93,-0.23,3,0,0.0,0,0.0,0.11269000611526232,0,-0.4086206695730303,PRA000375,0,0,0,0,0,0,NONE
PRA000376,19,Dentiste,3,313,3188,10.19,23,4.51,8.44,0.64,169,18.86,8,0,14.08,88.53,282225.16,35.51,-7.94,-0.22,3,0,0.0,0,0.0,0.2182362282533543,0,-0.44773180579332017,PRA000376,0,0,0,0,0,0,NONE
PRA000377,19,Dentiste,1,311,3135,10.08,23,4.45,8.01,0.13,205,15.29,5,0,15.18,65.16,204270.0,0.0,-7.49,-0.2,3,0,0.0,0,0.0,0.14593359947488002,0,-0.4209393928963418,PRA000377,0,0,0,0,0,0,NONE
PRA000378,19,Dentiste,3,313,3091,9.88,21,4.41,8.12,-0.97,195,15.85,14,0,10.38,89.3,276010.86,35.31,-7.66,-0.23,3,0,0.0,0,0.0,0.18875051681031932,0,-0.4368056006346753,PRA000378,0,0,0,0,0,0,NONE
PRA000379,19,Dentiste,1,312,3079,9.87,22,4.38,8.35,-1.33,215,14.32,20,0,12.73,65.93,202991.0,0.0,-13.91,-0.2,3,0,0.0,0,0.0,0.13948052964839788,0,-0.41854814773464977,PRA000379,0,0,0,0,0,0,NONE
PRA000380,19,Dentiste,3,313,3161,10.1,24,4.4,8.6,0.17,227,13.93,20,0,16.48,88.32,279178.46,34.69,-17.53,-0.25,3,0,0.0,0,0.0,0.19112554268158738,0,-0.43768568860462975,PRA000380,0,0,0,0,0,0,NONE
PRA000381,24,Infirmier,1,353,8288,23.48,53,13.49,8.55,0.26,209,39.66,59,0,16.51,5.57,46203.15,0.0,-5.84,0.0,3,0,0.0,0,0.0,0.14514013927850666,0,-0.4206453688261564,PRA000381,0,0,0,0,0,0,NONE
PRA000382,24,Infirmier,1,351,8182,23.31,63,13.67,9.06,0.08,202,40.5,59,0,13.53,5.58,45623.55,0.0,-16.89,0.0,3,0,0.0,0,0.0,0.10771737796528585,0,-0.40677801587110884,PRA000382,0,0,0,0,0,0,NONE
PRA000383,24,Infirmier,1,352,7959,22.61,55,13.09,8.48,-0.65,216,36.85,110,0,13.68,5.62,44711.1,0.0,-7.7,0.0,3,0,0.0,0,0.0,0.18361371081598366,0,-0.4349021093025193,PRA000383,0,0,0,0,0,0,NONE
PRA000384,24,Infirmier,1,350,7857,22.45,69,12.61,9.51,-0.82,198,39.68,11,0,17.18,5.67,44560.95,0.0,-12.78,0.0,3,0,0.0,0,0.0,0.20089471347865367,0,-0.44130574588440086,PRA000384,0,0,0,0,0,0,NONE
PRA000385,24,Infirmier,1,355,7985,22.49,65,13.26,8.77,-0.78,195,40.95,126,0,20.21,5.57,44460.15,0.0,-11.31,0.0,3,0,0.0,0,0.0,0.16018424626403327,0,-0.4262201028687801,PRA000385,0,0,0,0,0,0,NONE
PRA000386,24,Infirmier,1,355,8189,23.07,56,13.35,8.94,-0.17,197,41.57,79,0,13.57,5.62,46048.8,0.0,-10.54,0.0,3,0,0.0,0,0.0,0.0744829980667624,0,-0.39446270668166794,PRA000386,0,0,0,0,0,0,NONE
PRA000387,24,Infirmier,1,352,8195,23.28,56,13.33,9.07,0.05,184,44.54,47,0,17.78,5.57,45670.8,0.0,-11.41,0.0,3,0,0.0,0,0.0,0.11483753029576564,0,-0.4094164546713367,PRA000387,0,0,0,0,0,0,NONE
PRA000388,24,Infirmier,1,354,7760,21.92,57,12.92,9.47,-1.38,199,38.99,68,0,10.97,5.61,43552.95,0.0,-10.55,0.0,3,0,0.0,0,0.0,0.1793910029104579,0,-0.4333373455358406,PRA000388,0,0,0,0,0,0,NONE
PRA000389,24,Infirmier,1,357,8277,23.18,62,13.89,8.92,-0.06,182,45.48,88,0,13.1,5.63,46564.35,0.0,-14.55,0.0,3,0,0.0,0,0.0,0.1630669247274714,0,-0.42728830623768244,PRA000389,0,0,0,0,0,0,NONE
PRA000390,24,Infirmier,1,353,8036,22.76,60,12.74,9.25,-0.5,191,42.07,56,0,13.1,5.6,45016.65,0.0,-7.75,0.0,3,0,0.0,0,0.0,0.10979244821859999,0,-0.4075469524914822,PRA000390,0,0,0,0,0,0,NONE
PRA000391,24,Infirmier,1,352,7939,22.55,69,12.91,8.65,-0.72,204,38.92,17,0,14.18,5.59,44404.5,0.0,-16.93,0.0,3,0,0.0,0,0.0,0.15715291147007981,0,-0.4250968135112463,PRA000391,0,0,0,0,0,0,NONE
PRA000392,24,Infirmier,1,353,7988,22.63,58,13.16,9.18,-0.63,187,42.72,100,0,15.54,5.61,44785.65,0.0,-14.8,0.0,3,0,0.0,0,0.0,0.14094249176760332,0,-0.41908989142224795,PRA000392,0,0,0,0,0,0,NONE
PRA000393,24,Infirmier,1,355,8284,23.34,58,14.02,8.78,0.11,190,43.6,42,0,13.3,5.62,46537.05,0.0,-14.16,0.0,3,0,0.0,0,0.0,0.12435379442555985,0,-0.4129427950286607,PRA000393,0,0,0,0,0,0,NONE
PRA000394,24,Infirmier,1,356,8177,22.97,59,13.6,8.44,-0.28,208,39.31,72,0,12.66,5.6,45813.6,0.0,-14.77,0.0,3,0,0.0,0,0.0,0.09769790076426299,0,-0.4030652052206946,PRA000394,0,0,0,0,0,0,NONE
PRA000395,24,Infirmier,1,353,8164,23.13,58,13.27,8.49,-0.11,195,41.87,60,0,13.96,5.65,46120.2,0.0,-11.99,0.0,3,0,0.0,0,0.0,0.09964969211446625,0,-0.4037884596946587,PRA000395,0,0,0,0,0,0,NONE
PRA000396,24,Infirmier,1,349,8168,23.4,60,13.01,9.77,0.18,211,38.71,58,0,15.0,5.6,45781.05,0.0,-18.4,0.0,3,0,0.0,0,0.0,0.18082691097691947,0,-0.43386943465139144,PRA000396,0,0,0,0,0,0,NONE
PRA000397,24,Infirmier,1,350,8264,23.61,62,13.4,9.11,0.4,181,45.66,41,0,12.22,5.56,45971.1,0.0,-13.46,0.0,3,0,0.0,0,0.0,0.17858223815471597,0,-0.4330376502185548,PRA000397,0,0,0,0,0,0,NONE
PRA000398,24,Infirmier,1,348,8310,23.88,76,13.23,9.24,0.68,198,41.97,116,0,14.8,5.58,46375.35,0.0,-13.97,0.0,3,0,0.0,0,0.0,0.2087272772697266,0,-0.44420817539046087,PRA000398,0,0,0,0,0,0,NONE
PRA000399,24,Infirmier,1,355,8199,23.1,68,13.71,9.05,-0.14,209,39.23,43,0,11.22,5.6,45925.95,0.0,-8.33,0.0,3,0,0.0,0,0.0,0.12669287300039683,0,-0.4138095623929224,PRA000399,0,0,0,0,0,0,NONE
PRA000400,24,Infirmier,1,355,8058,22.7,57,13.31,9.07,-0.56,195,41.32,58,0,15.95,5.58,44952.6,0.0,-17.06,0.0,3,0,0.0,0,0.0,0.09979924965935917,0,-0.4038438796366764,PRA000400,0,0,0,0,0,0,NONE
PRA000401,24,Infirmier,1,351,8007,22.81,53,12.85,8.97,-0.44,203,39.44,31,0,19.83,5.62,45006.15,0.0,-12.1,0.0,3,0,0.0,0,0.0,0.08450933971236345,0,-0.3981780610159918,PRA000401,0,0,0,0,0,0,NONE
PRA000402,24,Infirmier,1,352,8124,23.08,59,12.95,9.22,-0.16,194,41.88,93,0,16.67,5.61,45560.55,0.0,-12.8,0.0,3,0,0.0,0,0.0,0.08967991665880701,0,-0.4000940664891698,PRA000402,1,0,1,0,0,0,HIGH
PRA000403,24,Infirmier,1,349,7991,22.9,62,13.05,9.5,-0.35,199,40.16,112,0,14.4,5.58,44622.9,0.0,-12.25,0.0,3,0,0.0,0,0.0,0.14684725138760538,0,-0.42127795512711286,PRA000403,0,0,0,0,0,0,NONE
PRA000404,24,Infirmier,1,354,8162,23.06,67,13.39,9.32,-0.18,190,42.96,0,0,11.68,5.56,45364.2,0.0,-15.68,0.0,3,0,0.0,0,0.0,0.1662164836463128,0,-0.4284554046464485,PRA000404,0,0,0,0,0,0,NONE
PRA000405,24,Infirmier,1,352,9535,27.09,94,16.03,9.34,4.04,200,47.68,108,0,14.74,5.63,53708.55,0.0,-10.32,0.0,3,0,0.0,0,0.0,0.5932253776809983,1,-0.5866875297149832,PRA000405,1,1,0,0,0,0,HIGH
PRA000406,24,Infirmier,1,349,8125,23.28,69,13.1,8.49,0.05,210,38.69,53,0,15.64,5.59,45390.45,0.0,-11.6,0.0,3,0,0.0,0,0.0,0.10733011656445433,0,-0.40663451255006183,PRA000406,0,0,0,0,0,0,NONE
PRA000407,24,Infirmier,1,353,8318,23.56,60,13.2,9.11,0.34,207,40.18,92,0,13.95,5.61,46650.45,0.0,-14.48,0.0,3,0,0.0,0,0.0,0.11889618226318724,0,-0.4109204259812798,PRA000407,0,0,0,0,0,0,NONE
PRA000408,24,Infirmier,1,350,7982,22.81,62,12.82,9.17,-0.44,195,40.93,169,0,14.61,5.6,44661.75,0.0,-13.66,0.0,3,0,0.0,0,0.0,0.2091043180831403,0,-0.44434789137759245,PRA000408,0,0,0,0,0,0,NONE
PRA000409,24,Infirmier,1,352,8049,22.87,54,12.67,9.04,-0.38,221,36.42,44,0,16.26,5.56,44736.3,0.0,-12.53,0.0,3,0,0.0,0,0.0,0.10214174862483835,0,-0.40471191445856586,PRA000409,0,0,0,0,0,0,NONE
PRA000410,24,Infirmier,1,354,8131,22.97,57,13.52,9.13,-0.28,209,38.9,83,0,19.16,5.61,45647.7,0.0,-9.27,0.0,3,0,0.0,0,0.0,0.09695406167333939,0,-0.4027895687135629,PRA000410,0,0,0,0,0,0,NONE
PRA000411,24,Infirmier,1,354,8114,22.92,55,13.36,8.94,-0.33,176,46.1,75,0,14.23,5.66,45909.15,0.0,-14.28,0.0,3,0,0.0,0,0.0,0.1726691583566677,0,-0.4308465033941774,PRA000411,0,0,0,0,0,0,NONE
PRA000412,24,Infirmier,1,354,8111,22.91,53,13.54,9.14,-0.34,186,43.61,53,0,20.65,5.62,45554.25,0.0,-9.82,0.0,3,0,0.0,0,0.0,0.12193173934031636,0,-0.4120452799451927,PRA000412,0,0,0,0,0,0,NONE
PRA000413,24,Infirmier,1,355,8122,22.88,65,13.34,9.2,-0.37,177,45.89,48,0,18.8,5.59,45427.2,0.0,-13.07,0.0,3,0,0.0,0,0.0,0.14684750329363466,0,-0.4212780484732396,PRA000413,0,0,0,0,0,0,NONE
PRA000414,24,Infirmier,1,348,8159,23.45,59,12.99,9.08,0.23,208,39.23,67,0,10.76,5.62,45892.35,0.0,-13.72,0.0,3,0,0.0,0,0.0,0.07942552304888399,0,-0.3962942053742031,PRA000414,0,0,0,0,0,0,NONE
PRA000415,24,Infirmier,1,348,8164,23.46,60,13.07,8.71,0.24,206,39.63,77,0,10.57,5.58,45580.5,0.0,-17.92,0.0,3,0,0.0,0,0.0,0.10780360244603512,0,-0.4068099671559942,PRA000415,0,0,0,0,0,0,NONE
PRA000416,24,Infirmier,1,350,8232,23.52,59,13.65,8.07,0.3,197,41.79,108,0,11.73,5.58,45938.55,0.0,-12.49,0.0,3,0,0.0,0,0.0,0.1738224089808325,0,-0.43127385116034217,PRA000416,0,0,0,0,0,0,NONE
PRA000417,24,Infirmier,1,353,8012,22.7,68,13.36,8.24,-0.56,222,36.09,43,0,12.17,5.63,45071.25,0.0,-10.63,0.0,3,0,0.0,0,0.0,0.17958275335010498,0,-0.4334084004482137,PRA000417,0,0,0,0,0,0,NONE
PRA000418,24,Infirmier,1,352,8172,23.22,56,13.14,9.03,-0.01,240,34.05,83,0,15.66,5.57,45501.75,0.0,-18.95,0.0,3,0,0.0,0,0.0,0.21775986246825038,0,-0.4475552840122989,PRA000418,0,0,0,0,0,0,NONE
PRA000419,24,Infirmier,1,354,8037,22.7,56,13.45,8.42,-0.56,210,38.27,87,0,17.9,5.61,45056.55,0.0,-13.2,0.0,3,0,0.0,0,0.0,0.11189765711168226,0,-0.40832705726568985,PRA000419,0,0,0,0,0,0,NONE
PRA000420,24,Infirmier,1,355,8162,22.99,67,13.12,9.46,-0.25,201,40.61,18,0,16.56,5.6,45730.65,0.0,-11.16,0.0,3,0,0.0,0,0.0,0.12273656661519607,0,-0.4123435161922508,PRA000420,0,0,0,0,0,0,NONE
PRA000421,24,Infirmier,1,352,8194,23.28,57,13.09,9.07,0.05,214,38.29,65,0,14.14,5.57,45610.95,0.0,-13.44,0.0,3,0,0.0,0,0.0,0.07446436133740182,0,-0.39445580066792385,PRA000421,0,0,0,0,0,0,NONE
PRA000422,24,Infirmier,1,347,8147,23.48,69,13.74,8.24,0.26,200,40.74,59,0,15.94,5.58,45484.95,0.0,-8.67,0.0,3,0,0.0,0,0.0,0.16007762445181772,0,-0.42618059316263296,PRA000422,0,0,0,0,0,0,NONE
PRA000423,24,Infirmier,1,365,9966,27.3,72,14.94,12.08,4.26,1600,6.23,132,0,10.72,9.83,97926.55,0.0,-6.9,0.0,6,1548,15.53,0,0.0,1.0,1,-0.7374216568319185,PRA000423,1,0,0,1,0,0,MEDIUM
PRA000424,24,Infirmier,1,356,8102,22.76,56,13.21,8.96,-0.5,167,48.51,171,0,21.49,5.6,45355.8,0.0,-9.11,0.0,3,0,0.0,0,0.0,0.3161775913974555,1,-0.48402489064213683,PRA000424,0,0,0,0,0,0,NONE
PRA000425,24,Infirmier,1,352,9709,27.58,98,16.86,9.02,4.56,209,46.45,89,0,20.13,5.58,54214.65,0.0,19.6,0.0,3,0,0.0,0,0.0,0.7297397657561782,1,-0.6372742084219886,PRA000425,1,1,0,0,0,0,HIGH
PRA000426,24,Infirmier,1,351,8131,23.17,56,13.22,8.97,-0.07,216,37.64,41,0,17.22,5.58,45350.55,0.0,-9.1,0.0,3,0,0.0,0,0.0,0.08338587705384086,0,-0.39776175145809595,PRA000426,0,0,0,0,0,0,NONE
PRA000427,24,Infirmier,1,365,9033,24.75,59,13.31,11.61,1.59,1157,7.81,45,0,19.42,8.7,78581.5,0.0,-8.37,0.0,6,1041,11.52,0,0.0,0.8293706442840966,1,-0.6741933589412211,PRA000427,1,0,0,1,0,0,MEDIUM
PRA000428,24,Infirmier,1,349,8135,23.31,53,13.21,8.74,0.08,198,41.09,175,0,19.52,5.57,45273.9,0.0,-15.02,0.0,3,0,0.0,0,0.0,0.21816711655065438,0,-0.4477061958078185,PRA000428,0,0,0,0,0,0,NONE
PRA000429,24,Infirmier,1,350,8060,23.03,58,12.71,9.54,-0.21,192,41.98,59,0,17.87,5.61,45196.2,0.0,-14.81,0.0,3,0,0.0,0,0.0,0.12717568192562737,0,-0.41398847173956255,PRA000429,0,0,0,0,0,0,NONE
PRA000430,24,Infirmier,1,349,8064,23.11,64,13.26,8.61,-0.13,185,43.59,48,0,17.86,5.6,45150.0,0.0,-16.58,0.0,3,0,0.0,0,0.0,0.13249405328761757,0,-0.415959243810748,PRA000430,0,0,0,0,0,0,NONE
PRA000431,24,Infirmier,1,355,8286,23.34,58,13.54,9.0,0.11,203,40.82,97,0,13.01,5.59,46301.85,0.0,-11.7,0.0,3,0,0.0,0,0.0,0.08909343022911537,0,-0.3998767384770595,PRA000431,0,0,0,0,0,0,NONE
PRA000432,24,Infirmier,1,350,8025,22.93,61,12.78,8.97,-0.32,208,38.58,107,0,16.5,5.59,44884.35,0.0,-13.14,0.0,3,0,0.0,0,0.0,0.10159319148810629,0,-0.40450864149943266,PRA000432,0,0,0,0,0,0,NONE
PRA000433,24,Infirmier,1,355,8087,22.78,59,13.16,9.05,-0.47,190,42.56,95,0,18.78,5.57,45076.5,0.0,-14.89,0.0,3,0,0.0,0,0.0,0.1046455632211543,0,-0.40563972629079553,PRA000433,0,0,0,0,0,0,NONE
PRA000434,24,Infirmier,1,351,8046,22.92,55,13.17,9.26,-0.33,218,36.91,88,0,18.01,5.57,44851.8,0.0,-13.57,0.0,3,0,0.0,0,0.0,0.12051004488804015,0,-0.4115184578168378,PRA000434,0,0,0,0,0,0,NONE
PRA000435,24,Infirmier,1,351,8114,23.12,57,13.07,8.7,-0.12,190,42.71,18,0,16.59,5.56,45073.35,0.0,-12.8,0.0,3,0,0.0,0,0.0,0.1026474880925155,0,-0.40489932093140407,PRA000435,0,0,0,0,0,0,NONE
PRA000436,24,Infirmier,1,354,8208,23.19,64,13.21,9.2,-0.04,185,44.37,5,0,14.95,5.58,45837.75,0.0,-12.91,0.0,3,0,0.0,0,0.0,0.14955185946647354,0,-0.42228017285553815,PRA000436,0,0,0,0,0,0,NONE
PRA000437,24,Infirmier,1,355,7956,22.41,60,13.29,9.19,-0.86,197,40.39,21,0,11.74,5.59,44467.5,0.0,-9.74,0.0,3,0,0.0,0,0.0,0.1124373349610473,0,-0.4085270399221413,PRA000437,0,0,0,0,0,0,NONE
PRA000438,24,Infirmier,1,357,8265,23.15,62,14.23,8.93,-0.09,175,47.23,0,0,12.18,5.56,45925.95,0.0,-10.28,0.0,3,0,0.0,0,0.0,0.24265883604768804,1,-0.45678183071083134,PRA000438,0,0,0,0,0,0,NONE
PRA000439,24,Infirmier,1,357,8108,22.71,57,13.3,8.84,-0.55,201,40.34,56,0,14.21,5.6,45410.4,0.0,-13.59,0.0,3,0,0.0,0,0.0,0.0686709561055118,0,-0.3923090003693084,PRA000439,0,0,0,0,0,0,NONE
PRA000440,24,Infirmier,1,350,8143,23.27,61,13.09,8.78,0.04,211,38.59,24,0,17.63,5.6,45634.05,0.0,-11.19,0.0,3,0,0.0,0,0.0,0.07963224667359359,0,-0.3963708087398394,PRA000440,0,0,0,0,0,0,NONE
PRA000441,24,Infirmier,1,353,8002,22.67,66,12.99,8.92,-0.59,191,41.9,36,0,14.42,5.57,44587.2,0.0,-10.99,0.0,3,0,0.0,0,0.0,0.10975816890855579,0,-0.40753424997368937,PRA000441,0,0,0,0,0,0,NONE
PRA000442,24,Infirmier,1,354,9402,26.56,103,17.61,9.23,3.49,201,46.78,66,0,20.7,5.54,52056.9,0.0,-31.39,0.0,3,0,0.0,0,0.0,0.6441420261695591,1,-0.6055551683151715,PRA000442,1,1,0,0,0,0,HIGH
PRA000443,24,Infirmier,1,351,8189,23.33,59,12.94,9.18,0.1,211,38.81,14,0,14.42,5.64,46169.55,0.0,-16.12,0.0,3,0,0.0,0,0.0,0.11314888936926039,0,-0.408790713039227,PRA000443,0,0,0,0,0,0,NONE
PRA000444,24,Infirmier,1,350,8021,22.92,64,13.31,8.61,-0.33,223,35.97,47,0,11.3,5.61,45012.45,0.0,-13.39,0.0,3,0,0.0,0,0.0,0.11899715830455371,0,-0.4109578435944247,PRA000444,0,0,0,0,0,0,NONE
PRA000445,24,Infirmier,1,348,8179,23.5,58,13.13,8.72,0.28,196,41.73,88,0,17.61,5.58,45637.2,0.0,-16.51,0.0,3,0,0.0,0,0.0,0.10833149353087541,0,-0.4070055821170077,PRA000445,0,0,0,0,0,0,NONE
PRA000446,24,Infirmier,1,353,7993,22.64,62,13.36,8.98,-0.62,220,36.33,104,0,15.04,5.61,44829.75,0.0,-8.34,0.0,3,0,0.0,0,0.0,0.1587410731984062,0,-0.42568532164008444,PRA000446,0,0,0,0,0,0,NONE
PRA000447,24,Infirmier,1,352,8232,23.39,59,13.08,9.15,0.16,198,41.58,95,0,17.19,5.59,45991.05,0.0,-7.54,0.0,3,0,0.0,0,0.0,0.1104130498852013,0,-0.4077769222225563,PRA000447,1,0,1,0,0,0,HIGH
PRA000448,24,Infirmier,1,351,8260,23.53,69,13.37,9.13,0.31,196,42.14,68,0,17.25,5.56,45915.45,0.0,-5.81,0.0,3,0,0.0,0,0.0,0.15866783998517403,0,-0.42565818439044584,PRA000448,0,0,0,0,0,0,NONE
PRA000449,24,Infirmier,1,352,8265,23.48,55,13.55,8.76,0.26,194,42.6,110,0,11.05,5.64,46578.0,0.0,-9.2,0.0,3,0,0.0,0,0.0,0.1502260419584577,0,-0.4225299974607886,PRA000449,0,0,0,0,0,0,NONE
PRA000450,24,Infirmier,1,352,8208,23.32,62,13.6,8.8,0.09,217,37.82,155,0,18.47,5.53,45413.55,0.0,-16.19,0.0,3,0,0.0,0,0.0,0.22645947711553813,0,-0.4507790072933551,PRA000450,0,0,0,0,0,0,NONE
PRA000451,24,Infirmier,1,352,7735,21.97,52,12.46,9.61,-1.32,177,43.7,114,0,20.34,5.59,43226.4,0.0,-10.72,0.0,3,0,0.0,0,0.0,0.31128882806428493,1,-0.48221331382963634,PRA000451,0,0,0,0,0,0,NONE
PRA000452,24,Infirmier,1,356,8111,22.78,64,13.83,8.46,-0.47,207,39.18,0,0,15.2,5.61,45529.05,0.0,-14.29,0.0,3,0,0.0,0,0.0,0.15883355520629333,0,-0.4257195917099659,PRA000452,0,0,0,0,0,0,NONE
PRA000453,24,Infirmier,1,345,8045,23.32,57,12.96,8.92,0.09,188,42.79,86,0,18.01,5.59,44978.85,0.0,-13.62,0.0,3,0,0.0,0,0.0,0.09838195368736632,0,-0.4033186874061809,PRA000453,0,0,0,0,0,0,NONE
PRA000454,24,Infirmier,1,353,8310,23.54,64,13.76,8.92,0.32,213,39.01,101,0,14.37,5.66,47007.45,0.0,-14.2,0.0,3,0,0.0,0,0.0,0.17939216559327556,0,-0.43333777637879395,PRA000454,0,0,0,0,0,0,NONE
PRA000455,24,Infirmier,1,352,8009,22.75,60,13.17,9.43,-0.51,217,36.91,99,0,16.68,5.65,45270.75,0.0,-10.04,0.0,3,0,0.0,0,0.0,0.16867236578724237,0,-0.4293654546606423,PRA000455,0,0,0,0,0,0,NONE
PRA000456,24,Infirmier,1,353,8015,22.71,59,13.09,8.91,-0.55,194,41.31,107,0,18.04,5.61,44953.65,0.0,-13.39,0.0,3,0,0.0,0,0.0,0.10002677143801883,0,-0.40392818995208113,PRA000456,0,0,0,0,0,0,NONE
PRA000457,24,Infirmier,1,364,9128,25.08,57,14.15,11.02,1.94,1113,8.2,52,0,15.9,8.55,78023.85,0.0,-8.45,0.0,6,994,10.89,0,0.0,0.7839694325224176,1,-0.6573695168196716,PRA000457,1,0,0,1,0,0,MEDIUM
PRA000458,24,Infirmier,1,351,8247,23.5,64,13.48,8.82,0.28,207,39.84,133,0,10.4,5.59,46084.5,0.0,-8.0,0.0,3,0,0.0,0,0.0,0.17639434163666187,0,-0.4322269047743308,PRA000458,0,0,0,0,0,0,NONE
PRA000459,24,Infirmier,1,351,7993,22.77,62,12.79,9.18,-0.49,222,36.0,64,0,12.21,5.59,44669.1,0.0,-12.47,0.0,3,0,0.0,0,0.0,0.10729044077776283,0,-0.40661981031755645,PRA000459,0,0,0,0,0,0,NONE
PRA000460,24,Infirmier,1,352,8128,23.09,57,13.45,8.87,-0.15,207,39.27,0,0,14.07,5.62,45671.85,0.0,-12.84,0.0,3,0,0.0,0,0.0,0.0938947273550013,0,-0.40165590387133504,PRA000460,0,0,0,0,0,0,NONE
PRA000461,24,Infirmier,1,355,7940,22.37,58,13.05,8.88,-0.9,203,39.11,78,0,15.67,5.59,44391.9,0.0,-14.59,0.0,3,0,0.0,0,0.0,0.10131144517018693,0,-0.4044042377756756,PRA000461,0,0,0,0,0,0,NONE
PRA000462,24,Infirmier,1,352,8264,23.48,74,14.0,8.48,0.26,198,41.74,90,0,18.74,5.61,46348.05,0.0,-18.1,0.0,3,0,0.0,0,0.0,0.17864363303283382,0,-0.4330604006627929,PRA000462,0,0,0,0,0,0,NONE
PRA000463,24,Infirmier,1,351,8028,22.87,61,13.09,8.96,-0.38,178,45.1,43,0,11.52,5.59,44882.25,0.0,-17.79,0.0,3,0,0.0,0,0.0,0.1641779460654279,0,-0.4277000055482993,PRA000463,0,0,0,0,0,0,NONE
PRA000464,24,Infirmier,1,353,7962,22.56,56,12.88,9.41,-0.71,201,39.61,44,0,15.4,5.58,44419.2,0.0,-10.05,0.0,3,0,0.0,0,0.0,0.10529181337887963,0,-0.4058792003092792,PRA000464,0,0,0,0,0,0,NONE
PRA000465,24,Infirmier,1,353,7889,22.35,54,12.81,9.24,-0.93,215,36.69,0,0,14.22,5.65,44536.8,0.0,-8.64,0.0,3,0,0.0,0,0.0,0.16159518137419213,0,-0.42674293802264485,PRA000465,0,0,0,0,0,0,NONE
PRA000466,24,Infirmier,1,351,7838,22.33,50,12.78,8.39,-0.95,186,42.14,127,0,17.27,5.6,43890.0,0.0,-14.06,0.0,3,0,0.0,0,0.0,0.21440561133872066,0,-0.44631233499729334,PRA000466,0,0,0,0,0,0,NONE
PRA000467,24,Infirmier,1,354,8368,23.64,59,14.04,8.78,0.43,208,40.23,81,0,9.2,5.68,47555.55,0.0,-19.42,0.0,3,0,0.0,0,0.0,0.2031050124498739,0,-0.44212479276641864,PRA000467,0,0,0,0,0,0,NONE
PRA000468,24,Infirmier,1,354,8015,22.64,62,12.95,9.78,-0.62,210,38.17,102,0,13.28,5.58,44719.5,0.0,-9.95,0.0,3,0,0.0,0,0.0,0.19354262985881365,0,-0.43858136278348503,PRA000468,0,0,0,0,0,0,NONE
PRA000469,24,Infirmier,1,354,7884,22.27,56,12.95,9.39,-1.01,196,40.22,68,0,14.28,5.6,44187.15,0.0,-6.19,0.0,3,0,0.0,0,0.0,0.15150415244902019,0,-0.4230036132140419,PRA000469,0,0,0,0,0,0,NONE
PRA000470,24,Infirmier,1,356,7932,22.28,59,13.08,9.46,-1.0,219,36.22,153,0,14.44,5.6,44394.0,0.0,-8.83,0.0,3,0,0.0,0,0.0,0.23773938133847508,0,-0.4549588809229191,PRA000470,0,0,0,0,0,0,NONE
PRA000471,24,Infirmier,1,350,8074,23.07,52,12.63,9.04,-0.17,206,39.19,26,0,12.62,5.63,45461.85,0.0,-12.19,0.0,3,0,0.0,0,0.0,0.09499574237309225,0,-0.40206389524687475,PRA000471,0,0,0,0,0,0,NONE
PRA000472,24,Infirmier,1,351,8097,23.07,63,13.49,8.6,-0.17,208,38.93,34,0,15.62,5.59,45294.9,0.0,-13.28,0.0,3,0,0.0,0,0.0,0.08730335179712848,0,-0.39921340823197654,PRA000472,0,0,0,0,0,0,NONE
PRA000473,24,Infirmier,1,356,8218,23.08,56,13.35,8.98,-0.16,192,42.8,44,0,11.72,5.66,46537.05,0.0,-13.23,0.0,3,0,0.0,0,0.0,0.10009301728131376,0,-0.40395273796667275,PRA000473,0,0,0,0,0,0,NONE
PRA000474,24,Infirmier,1,351,8071,22.99,64,13.18,8.47,-0.25,189,42.7,83,0,9.3,5.6,45237.15,0.0,-12.27,0.0,3,0,0.0,0,0.0,0.1188124735132866,0,-0.410889406923905,PRA000474,0,0,0,0,0,0,NONE
PRA000475,24,Infirmier,1,353,8093,22.93,61,13.48,8.71,-0.32,213,38.0,108,0,14.11,5.58,45174.15,0.0,-11.4,0.0,3,0,0.0,0,0.0,0.11196854224891725,0,-0.4083533244138855,PRA000475,0,0,0,0,0,0,NONE
PRA000476,24,Infirmier,1,352,8197,23.29,67,13.64,8.42,0.06,202,40.58,2,0,10.24,5.61,45984.75,0.0,-13.34,0.0,3,0,0.0,0,0.0,0.14233681451592498,0,-0.4196065707106199,PRA000476,0,0,0,0,0,0,NONE
PRA000477,24,Infirmier,1,353,8081,22.89,56,12.92,9.42,-0.36,201,40.2,147,0,13.95,5.58,45052.35,0.0,-11.94,0.0,3,0,0.0,0,0.0,0.1655708039196302,0,-0.42821614200650365,PRA000477,0,0,0,0,0,0,NONE
PRA000478,24,Infirmier,1,354,8098,22.88,56,13.15,9.27,-0.37,201,40.29,105,0,17.07,5.6,45373.65,0.0,-13.04,0.0,3,0,0.0,0,0.0,0.09594105741495491,0,-0.40241419054522287,PRA000478,0,0,0,0,0,0,NONE
PRA000479,24,Infirmier,1,349,8049,23.06,57,13.02,8.86,-0.18,213,37.79,110,0,15.7,5.61,45189.9,0.0,-17.29,0.0,3,0,0.0,0,0.0,0.14131998110245744,0,-0.41922977361317915,PRA000479,0,0,0,0,0,0,NONE
PRA000480,24,Infirmier,1,354,8494,23.99,61,14.19,8.26,0.79,193,44.01,150,0,14.59,5.55,47134.5,0.0,-17.21,0.0,3,0,0.0,0,0.0,0.30560284943382615,1,-0.48010632145931187,PRA000480,0,0,0,0,0,0,NONE
PRA000481,24,Infirmier,1,352,8119,23.07,60,13.34,8.56,-0.17,199,40.8,54,0,18.24,5.61,45518.55,0.0,-13.46,0.0,3,0,0.0,0,0.0,0.0813403728385433,0,-0.39700377080864163,PRA000481,0,0,0,0,0,0,NONE
PRA000482,24,Infirmier,1,352,7942,22.56,55,12.69,9.09,-0.71,168,47.27,59,0,13.01,5.59,44423.4,0.0,-9.83,0.0,3,0,0.0,0,0.0,0.20035899225799458,0,-0.44110722939358904,PRA000482,0,0,0,0,0,0,NONE
PRA000483,24,Infirmier,1,351,8210,23.39,56,13.54,8.37,0.16,228,36.01,27,0,16.59,5.56,45676.05,0.0,-14.95,0.0,3,0,0.0,0,0.0,0.16142685996750625,0,-0.4266805649567755,PRA000483,0,0,0,0,0,0,NONE
PRA000484,24,Infirmier,1,357,8094,22.67,62,13.63,8.23,-0.59,173,46.79,165,0,17.1,5.61,45436.65,0.0,-6.52,0.0,3,0,0.0,0,0.0,0.35120300749370237,1,-0.49700388498568,PRA000484,0,0,0,0,0,0,NONE
PRA000485,24,Infirmier,1,347,9601,27.67,98,16.65,8.58,4.65,202,47.53,71,0,19.95,5.58,53530.05,0.0,14.72,0.0,3,0,0.0,0,0.0,0.7268643445373653,1,-0.6362086942927139,PRA000485,1,1,0,0,0,0,HIGH
PRA000486,24,Infirmier,1,348,8005,23.0,59,12.71,9.27,-0.24,198,40.43,144,0,16.13,5.59,44755.2,0.0,-8.45,0.0,3,0,0.0,0,0.0,0.1519744839416589,0,-0.4231778989317554,PRA000486,0,0,0,0,0,0,NONE
PRA000487,24,Infirmier,1,353,8167,23.14,60,13.63,7.9,-0.1,228,35.82,67,0,12.5,5.58,45583.65,0.0,-16.24,0.0,3,0,0.0,0,0.0,0.21146795655722356,0,-0.4452237596413986,PRA000487,0,0,0,0,0,0,NONE
PRA000488,24,Infirmier,1,352,8137,23.12,58,13.41,8.37,-0.12,182,44.71,73,0,18.21,5.55,45123.75,0.0,-18.09,0.0,3,0,0.0,0,0.0,0.16523351626364946,0,-0.42809115692232674,PRA000488,0,0,0,0,0,0,NONE
PRA000489,24,Infirmier,1,351,8130,23.16,56,13.04,9.69,-0.08,199,40.85,114,0,14.21,5.66,46021.5,0.0,-6.96,0.0,3,0,0.0,0,0.0,0.22279763068019873,0,-0.4494220759712377,PRA000489,0,0,0,0,0,0,NONE
PRA000490,24,Infirmier,1,354,7992,22.58,59,13.35,8.98,-0.68,231,34.6,17,0,13.3,5.58,44594.55,0.0,-14.15,0.0,3,0,0.0,0,0.0,0.17294730734936545,0,-0.4309495740955494,PRA000490,0,0,0,0,0,0,NONE
PRA000491,24,Infirmier,1,352,8171,23.21,61,13.25,9.22,-0.02,215,38.0,0,0,15.97,5.56,45418.8,0.0,-13.73,0.0,3,0,0.0,0,0.0,0.12242539727288983,0,-0.4122282094926079,PRA000491,0,0,0,0,0,0,NONE
PRA000492,24,Infirmier,1,350,7891,22.55,54,12.55,8.43,-0.72,194,40.68,84,0,17.07,5.61,44232.3,0.0,-11.47,0.0,3,0,0.0,0,0.0,0.12659157430480017,0,-0.4137720252172456,PRA000492,0,0,0,0,0,0,NONE
PRA000493,24,Infirmier,1,353,8201,23.23,52,13.14,8.62,0.0,201,40.8,92,0,14.53,5.59,45817.8,0.0,-11.44,0.0,3,0,0.0,0,0.0,0.09411854233291542,0,-0.40173884059717907,PRA000493,0,0,0,0,0,0,NONE
PRA000494,24,Infirmier,1,349,8071,23.13,61,12.96,9.24,-0.11,207,38.99,85,0,18.47,5.6,45163.65,0.0,-1.3,0.0,3,0,0.0,0,0.0,0.18617570073961762,0,-0.43585147854443457,PRA000494,0,0,0,0,0,0,NONE
PRA000495,24,Infirmier,1,356,8386,23.56,65,13.73,9.21,0.34,182,46.08,29,0,11.11,5.6,46921.35,0.0,-11.44,0.0,3,0,0.0,0,0.0,0.18164064336853705,0,-0.4341709707724454,PRA000495,0,0,0,0,0,0,NONE
PRA000496,24,Infirmier,1,351,8252,23.51,55,13.08,8.82,0.29,190,43.43,23,0,11.54,5.57,45946.95,0.0,-9.37,0.0,3,0,0.0,0,0.0,0.1191106019324099,0,-0.4109998811879314,PRA000496,0,0,0,0,0,0,NONE
PRA000497,24,Infirmier,1,349,8187,23.46,61,13.11,9.11,0.24,179,45.74,5,0,13.18,5.63,46113.9,0.0,-5.94,0.0,3,0,0.0,0,0.0,0.22243424432192252,0,-0.449287419769706,PRA000497,0,0,0,0,0,0,NONE
PRA000498,24,Infirmier,1,350,7974,22.78,58,13.15,8.94,-0.47,187,42.64,127,0,16.93,5.6,44639.7,0.0,-10.51,0.0,3,0,0.0,0,0.0,0.13890906297884362,0,-0.41833638543463064,PRA000498,0,0,0,0,0,0,NONE
PRA000499,24,Infirmier,1,351,8211,23.39,61,13.54,8.23,0.16,217,37.84,84,0,13.94,5.58,45820.95,0.0,-9.85,0.0,3,0,0.0,0,0.0,0.14406429023824677,0,-0.4202467029382289,PRA000499,0,0,0,0,0,0,NONE
PRA000500,24,Infirmier,1,349,8107,23.23,57,13.06,9.36,0.0,215,37.71,60,0,14.51,5.6,45375.75,0.0,-13.07,0.0,3,0,0.0,0,0.0,0.10081105721840447,0,-0.404218814356924,PRA000500,0,0,0,0,0,0,NONE
PRA000501,26,Kine,1,333,6327,19.0,66,12.58,8.42,4.35,201,31.48,0,0,16.85,41.98,265600.8,0.0,-34.9,-0.17,2,0,0.0,0,0.0,0.47790778926878674,1,-0.54395552266044,PRA000501,1,1,0,0,0,0,HIGH
PRA000502,26,Kine,1,343,5321,15.51,37,8.2,8.98,-1.13,179,29.73,94,0,12.95,41.97,223334.4,0.0,-11.79,-0.17,2,0,0.0,0,0.0,0.15896973196951208,0,-0.425770053278636,PRA000502,0,0,0,0,0,0,NONE
PRA000503,26,Kine,1,334,5347,16.01,37,8.15,8.64,-0.34,191,27.99,73,0,12.74,42.04,224793.6,0.0,-16.32,-0.17,2,0,0.0,0,0.0,0.04872872950708221,0,-0.38491922245753624,PRA000503,0,0,0,0,0,0,NONE
PRA000504,26,Kine,1,332,5430,16.36,38,8.22,8.47,0.21,175,31.03,46,0,11.58,42.04,228290.4,0.0,-11.36,-0.17,2,0,0.0,0,0.0,0.06779670842866675,0,-0.391985039745359,PRA000504,0,0,0,0,0,0,NONE
PRA000505,26,Kine,1,334,5395,16.15,39,8.32,8.36,-0.12,200,26.98,79,0,12.92,41.92,226183.2,0.0,-11.71,-0.17,2,0,0.0,0,0.0,0.04315800677021042,0,-0.3828549392326739,PRA000505,0,0,0,0,0,0,NONE
PRA000506,26,Kine,1,333,5376,16.14,38,8.11,8.78,-0.14,185,29.06,50,0,13.23,41.99,225734.4,0.0,-11.36,-0.17,2,0,0.0,0,0.0,0.03042983289883647,0,-0.37813839578815794,PRA000506,0,0,0,0,0,0,NONE
PRA000507,26,Kine,1,332,5479,16.5,35,8.08,8.94,0.43,209,26.22,22,0,15.11,41.94,229797.6,0.0,-15.36,-0.17,2,0,0.0,0,0.0,0.06088103175630602,0,-0.389422371305798,PRA000507,0,0,0,0,0,0,NONE
PRA000508,26,Kine,1,331,5325,16.09,35,7.98,8.58,-0.22,198,26.89,40,0,17.62,42.08,224092.8,0.0,-13.68,-0.17,2,0,0.0,0,0.0,0.026145959559009706,0,-0.37655096659978565,PRA000508,0,0,0,0,0,0,NONE
PRA000509,26,Kine,1,357,6106,17.1,41,9.01,10.91,1.37,816,7.48,26,0,15.79,39.45,240894.7,0.0,-11.41,-0.17,5,673,11.02,0,0.0,0.6560509561095933,1,-0.6099681332862263,PRA000509,1,0,0,1,0,0,MEDIUM
PRA000510,26,Kine,1,328,5445,16.6,43,8.13,8.71,0.58,220,24.75,64,0,14.03,42.04,228888.0,0.0,-11.54,-0.17,2,0,0.0,0,0.0,0.04946968460294978,0,-0.3851937902734234,PRA000510,0,0,0,0,0,0,NONE
PRA000511,26,Kine,1,335,5231,15.61,37,7.95,8.81,-0.97,197,26.55,69,0,12.12,41.96,219482.4,0.0,-13.79,-0.17,2,0,0.0,0,0.0,0.05716840938807496,0,-0.38804662448855615,PRA000511,0,0,0,0,0,0,NONE
PRA000512,26,Kine,1,332,5261,15.85,37,8.02,8.88,-0.59,180,29.23,45,0,19.41,132.48,696979.78,215.25,-13.39,5.18,2,0,0.0,0,0.0,0.5025217623489282,1,-0.5530764597679798,PRA000512,1,0,0,0,1,0,HIGH
PRA000513,26,Kine,1,330,5444,16.5,41,8.08,8.63,0.43,199,27.36,64,0,13.5,41.98,228518.4,0.0,-13.89,-0.17,2,0,0.0,0,0.0,0.03117864650720784,0,-0.37841587564908846,PRA000513,0,0,0,0,0,0,NONE
PRA000514,26,Kine,1,324,5297,16.35,37,7.54,8.53,0.19,193,27.45,56,0,13.23,42.03,222614.4,0.0,-14.22,-0.17,2,0,0.0,0,0.0,0.04335416963281453,0,-0.382927629209494,PRA000514,0,0,0,0,0,0,NONE
PRA000515,26,Kine,1,332,5218,15.72,36,7.81,8.41,-0.8,196,26.62,18,0,12.78,41.98,219062.4,0.0,-13.23,-0.17,2,0,0.0,0,0.0,0.05916467282759169,0,-0.3887863585096599,PRA000515,0,0,0,0,0,0,NONE
PRA000516,26,Kine,1,329,5488,16.68,37,7.86,8.8,0.71,224,24.5,88,0,14.19,41.94,230179.2,0.0,-15.74,-0.17,2,0,0.0,0,0.0,0.12854127886420963,0,-0.4144945064114338,PRA000516,0,0,0,0,0,0,NONE
PRA000517,26,Kine,1,331,5314,16.05,39,7.91,8.47,-0.28,224,23.72,10,0,15.41,41.94,222871.2,0.0,-8.95,-0.17,2,0,0.0,0,0.0,0.07050647893840926,0,-0.3929891704606545,PRA000517,0,0,0,0,0,0,NONE
PRA000518,26,Kine,1,336,5311,15.81,38,8.12,8.21,-0.66,217,24.47,43,0,13.37,42.05,223310.4,0.0,-12.73,-0.17,2,0,0.0,0,0.0,0.053171239935168944,0,-0.386565436097335,PRA000518,0,0,0,0,0,0,NONE
PRA000519,26,Kine,1,332,5228,15.75,40,7.97,8.84,-0.75,204,25.63,34,0,15.74,42.02,219705.6,0.0,-15.41,-0.17,2,0,0.0,0,0.0,0.034414869773288996,0,-0.37961508833936713,PRA000519,0,0,0,0,0,0,NONE
PRA000520,26,Kine,1,337,6536,19.39,61,11.08,8.87,4.96,173,37.78,18,0,14.0,41.99,274476.0,0.0,-22.37,-0.17,2,0,0.0,0,0.0,0.39211053576671817,1,-0.5121625508129418,PRA000520,1,1,0,0,0,0,HIGH
PRA000521,26,Kine,1,332,5372,16.18,37,7.99,8.67,-0.07,171,31.42,95,0,19.06,141.33,759246.36,236.49,-9.45,5.71,2,0,0.0,0,0.0,0.5947433740486259,1,-0.587250037415529,PRA000521,1,0,0,0,1,0,HIGH
PRA000522,26,Kine,1,335,5330,15.91,35,8.09,8.39,-0.5,180,29.61,18,0,16.75,42.1,224371.2,0.0,-8.59,-0.17,2,0,0.0,0,0.0,0.10816405963496009,0,-0.40694353792652527,PRA000522,0,0,0,0,0,0,NONE
PRA000523,26,Kine,1,329,5452,16.57,45,8.29,8.49,0.54,216,25.24,16,0,15.21,41.99,228933.6,0.0,-13.03,-0.17,2,0,0.0,0,0.0,0.05640136025212583,0,-0.38776238728294105,PRA000523,0,0,0,0,0,0,NONE
PRA000524,26,Kine,1,339,5384,15.88,38,8.21,8.8,-0.55,214,25.16,31,0,15.68,41.94,225796.8,0.0,-13.51,-0.17,2,0,0.0,0,0.0,0.023320905548341396,0,-0.37550411650887133,PRA000524,0,0,0,0,0,0,NONE
PRA000525,26,Kine,1,331,5460,16.5,43,8.34,8.77,0.43,205,26.63,30,0,13.77,42.01,229384.8,0.0,-13.79,-0.17,2,0,0.0,0,0.0,0.027066504484466784,0,-0.37689208310066186,PRA000525,0,0,0,0,0,0,NONE
PRA000526,26,Kine,1,333,5414,16.26,38,8.04,8.33,0.05,207,26.15,47,0,16.38,42.11,227971.2,0.0,-15.1,-0.17,2,0,0.0,0,0.0,0.038404396997819154,0,-0.3810934448316441,PRA000526,0,0,0,0,0,0,NONE
PRA000527,26,Kine,1,338,5580,16.51,44,8.96,8.32,0.44,178,31.35,48,0,18.35,42.08,234813.6,0.0,-9.94,-0.17,2,0,0.0,0,0.0,0.08607778003838869,0,-0.39875926119541943,PRA000527,0,0,0,0,0,0,NONE
PRA000528,26,Kine,1,332,5439,16.38,39,8.25,9.08,0.24,201,27.06,16,0,14.34,42.0,228412.8,0.0,-11.97,-0.17,2,0,0.0,0,0.0,0.044805640465214416,0,-0.38346548525299595,PRA000528,0,0,0,0,0,0,NONE
PRA000529,26,Kine,1,362,6311,17.43,38,9.05,12.19,1.89,1144,5.52,57,0,15.39,38.3,241734.85,0.0,-14.1,-0.17,5,1011,16.02,0,0.0,0.8017580274814644,1,-0.6639612464573329,PRA000529,1,0,0,1,0,0,MEDIUM
PRA000530,26,Kine,1,335,5328,15.9,37,8.28,8.71,-0.51,208,25.62,48,0,15.75,41.94,223444.8,0.0,-15.82,-0.17,2,0,0.0,0,0.0,0.03811474282909346,0,-0.3809861107800758,PRA000530,0,0,0,0,0,0,NONE
PRA000531,26,Kine,1,340,5434,15.98,42,8.57,8.5,-0.39,215,25.27,49,0,17.87,42.02,228314.4,0.0,-13.91,-0.17,2,0,0.0,0,0.0,0.03673679610368404,0,-0.38047549977960554,PRA000531,0,0,0,0,0,0,NONE
PRA000532,26,Kine,1,332,5256,15.83,43,7.94,9.08,-0.62,209,25.15,78,0,14.27,41.95,220507.2,0.0,-14.13,-0.17,2,0,0.0,0,0.0,0.07556186732878512,0,-0.3948624917409157,PRA000532,0,0,0,0,0,0,NONE
PRA000533,26,Kine,1,332,5268,15.87,42,7.98,9.7,-0.56,194,27.15,46,0,18.45,41.92,220831.2,0.0,-11.28,-0.17,2,0,0.0,0,0.0,0.09752276082645309,0,-0.40300030548457394,PRA000533,0,0,0,0,0,0,NONE
PRA000534,26,Kine,1,330,5359,16.24,41,8.05,8.57,0.02,200,26.8,47,0,14.16,41.99,225031.2,0.0,-11.25,-0.17,2,0,0.0,0,0.0,0.008727099687880694,0,-0.3700962457445899,PRA000534,0,0,0,0,0,0,NONE
PRA000535,26,Kine,1,330,5405,16.38,46,8.12,8.95,0.24,220,24.57,28,0,15.36,41.98,226905.6,0.0,-13.1,-0.17,2,0,0.0,0,0.0,0.04476587489285742,0,-0.3834507497495755,PRA000535,0,0,0,0,0,0,NONE
PRA000536,26,Kine,1,334,5312,15.9,39,8.01,8.73,-0.51,171,31.06,68,0,14.5,42.01,223147.2,0.0,-12.66,-0.17,2,0,0.0,0,0.0,0.08172022888628638,0,-0.3971445300070897,PRA000536,0,0,0,0,0,0,NONE
PRA000537,26,Kine,1,332,5380,16.2,35,7.71,9.31,-0.04,195,27.59,49,0,13.42,42.02,226089.6,0.0,-13.83,-0.17,2,0,0.0,0,0.0,0.06613961920758875,0,-0.3913709898917322,PRA000537,0,0,0,0,0,0,NONE
PRA000538,26,Kine,1,333,5338,16.03,39,8.13,8.8,-0.31,202,26.43,22,0,14.29,41.89,223591.2,0.0,-8.97,-0.17,2,0,0.0,0,0.0,0.0339917067311014,0,-0.3794582813305408,PRA000538,0,0,0,0,0,0,NONE
PRA000539,26,Kine,1,332,5373,16.18,34,8.05,8.24,-0.07,195,27.55,77,0,16.34,41.94,225352.8,0.0,-12.32,-0.17,2,0,0.0,0,0.0,0.06330730540221448,0,-0.39032144961623405,PRA000539,0,0,0,0,0,0,NONE
PRA000540,26,Kine,1,336,5306,15.79,37,8.03,8.97,-0.69,214,24.79,51,0,14.64,42.1,223399.2,0.0,-12.63,-0.17,2,0,0.0,0,0.0,0.032452332434294275,0,-0.3788878518391123,PRA000540,0,0,0,0,0,0,NONE
PRA000541,26,Kine,1,325,5350,16.46,36,7.55,9.38,0.37,213,25.12,97,0,20.84,41.97,224534.4,0.0,-12.76,-0.17,2,0,0.0,0,0.0,0.1312869366159447,0,-0.4155119354786903,PRA000541,0,0,0,0,0,0,NONE
PRA000542,26,Kine,1,333,5333,16.02,45,8.72,8.27,-0.33,197,27.07,14,0,17.03,42.05,224263.2,0.0,-12.19,-0.17,2,0,0.0,0,0.0,0.07250337568083179,0,-0.3937291391580519,PRA000542,0,0,0,0,0,0,NONE
PRA000543,26,Kine,1,334,5397,16.16,38,8.36,8.95,-0.11,215,25.1,31,0,18.03,41.96,226468.8,0.0,-9.75,-0.17,2,0,0.0,0,0.0,0.02642924934361308,0,-0.3766559422695064,PRA000543,0,0,0,0,0,0,NONE
PRA000544,26,Kine,1,333,5394,16.2,42,8.13,8.42,-0.04,196,27.52,35,0,16.85,42.05,226821.6,0.0,-14.96,-0.17,2,0,0.0,0,0.0,0.03396303697218111,0,-0.3794476574841935,PRA000544,0,0,0,0,0,0,NONE
PRA000545,26,Kine,1,328,5254,16.02,40,7.88,9.08,-0.33,194,27.08,26,0,12.9,42.02,220776.0,0.0,-10.83,-0.17,2,0,0.0,0,0.0,0.04615713345358452,0,-0.3839662935746785,PRA000545,0,0,0,0,0,0,NONE
PRA000546,26,Kine,1,339,5341,15.76,36,8.48,8.95,-0.73,186,28.72,14,0,16.53,41.98,224203.2,0.0,-10.05,-0.17,2,0,0.0,0,0.0,0.0741172916936425,0,-0.3943271907770152,PRA000546,0,0,0,0,0,0,NONE
PRA000547,26,Kine,1,333,5244,15.75,41,8.15,8.3,-0.75,198,26.48,28,0,10.3,41.96,220060.8,0.0,-15.69,-0.17,2,0,0.0,0,0.0,0.062207629006780715,0,-0.38991395427979486,PRA000547,0,0,0,0,0,0,NONE
PRA000548,26,Kine,1,334,5308,15.89,37,7.93,8.57,-0.53,215,24.69,19,0,15.69,41.97,222763.2,0.0,-15.96,-0.17,2,0,0.0,0,0.0,0.0572715881672554,0,-0.3880848583467258,PRA000548,0,0,0,0,0,0,NONE
PRA000549,26,Kine,1,329,5434,16.52,41,8.03,8.7,0.46,221,24.59,26,0,13.21,147.28,800317.6,250.65,-17.42,6.06,2,0,0.0,0,0.0,0.5590536592117358,1,-0.5740248809829034,PRA000549,1,0,0,0,1,0,HIGH
PRA000550,26,Kine,1,337,5326,15.8,37,8.26,8.86,-0.67,197,27.04,37,0,16.77,41.94,223353.6,0.0,-14.37,-0.17,2,0,0.0,0,0.0,0.022604169297308473,0,-0.3752385232116381,PRA000550,0,0,0,0,0,0,NONE
PRA000551,26,Kine,1,337,5421,16.09,40,8.27,8.73,-0.22,196,27.66,60,0,15.57,41.98,227592.0,0.0,-10.69,-0.17,2,0,0.0,0,0.0,0.023955721686074218,0,-0.3757393535446908,PRA000551,0,0,0,0,0,0,NONE
PRA000552,26,Kine,1,335,5429,16.21,36,8.26,8.86,-0.03,195,27.84,98,0,15.58,42.06,228345.6,0.0,-16.33,-0.17,2,0,0.0,0,0.0,0.081497987300183,0,-0.3970621763162439,PRA000552,0,0,0,0,0,0,NONE
PRA000553,26,Kine,1,337,5478,16.26,40,8.34,9.04,0.05,234,23.41,26,0,18.57,42.02,230162.4,0.0,-12.68,-0.17,2,0,0.0,0,0.0,0.06738906818216892,0,-0.39183398485313564,PRA000553,0,0,0,0,0,0,NONE
PRA000554,26,Kine,1,333,5424,16.29,41,8.04,8.57,0.1,191,28.4,41,0,14.29,41.86,227023.2,0.0,-13.64,-0.17,2,0,0.0,0,0.0,0.021356060527410518,0,-0.37477602487556927,PRA000554,0,0,0,0,0,0,NONE
PRA000555,26,Kine,1,333,5494,16.5,38,8.06,8.05,0.43,204,26.93,64,0,16.73,42.06,231100.8,0.0,-11.19,-0.17,2,0,0.0,0,0.0,0.06832880256854362,0,-0.3921822121875854,PRA000555,0,0,0,0,0,0,NONE
PRA000556,26,Kine,1,333,5364,16.11,38,8.06,8.61,-0.18,192,27.94,48,0,14.34,41.98,225165.6,0.0,-10.09,-0.17,2,0,0.0,0,0.0,0.017507651299470278,0,-0.37334996097203643,PRA000556,0,0,0,0,0,0,NONE
PRA000557,26,Kine,1,333,5418,16.27,35,7.91,9.08,0.07,176,30.78,66,0,16.57,41.93,227167.2,0.0,-11.69,-0.17,2,0,0.0,0,0.0,0.09773559272234522,0,-0.4030791723270211,PRA000557,0,0,0,0,0,0,NONE
PRA000558,26,Kine,1,337,5316,15.77,39,8.3,9.12,-0.72,192,27.69,100,0,12.57,41.96,223048.8,0.0,-17.62,-0.17,2,0,0.0,0,0.0,0.12550845988114706,0,-0.41337066707379416,PRA000558,0,0,0,0,0,0,NONE
PRA000559,26,Kine,1,334,5360,16.05,39,8.06,9.24,-0.28,209,25.65,62,0,15.09,42.05,225364.8,0.0,-9.09,-0.17,2,0,0.0,0,0.0,0.06463603468466719,0,-0.3908138226345492,PRA000559,0,0,0,0,0,0,NONE
PRA000560,26,Kine,1,333,5120,15.38,37,7.81,8.95,-1.33,221,23.17,25,0,13.07,42.0,215054.4,0.0,-12.29,-0.17,2,0,0.0,0,0.0,0.10410934312473735,0,-0.4054410249369225,PRA000560,0,0,0,0,0,0,NONE
PRA000561,26,Kine,1,340,5422,15.95,41,8.76,8.71,-0.44,200,27.11,49,0,14.83,41.99,227695.2,0.0,-7.53,-0.17,2,0,0.0,0,0.0,0.05432265359184096,0,-0.38699210315807625,PRA000561,0,0,0,0,0,0,NONE
PRA000562,26,Kine,1,334,5510,16.5,38,8.32,8.98,0.43,203,27.14,40,0,16.23,41.96,231211.2,0.0,-13.18,-0.17,2,0,0.0,0,0.0,0.029358072211686015,0,-0.3777412448775754,PRA000562,0,0,0,0,0,0,NONE
PRA000563,26,Kine,1,334,5460,16.35,36,8.21,8.46,0.19,204,26.76,58,0,15.0,42.02,229420.8,0.0,-18.52,-0.17,2,0,0.0,0,0.0,0.06598564574937739,0,-0.39131393359188155,PRA000563,0,0,0,0,0,0,NONE
PRA000564,26,Kine,1,333,5392,16.19,34,7.81,8.42,-0.06,211,25.55,106,0,14.41,42.05,226730.4,0.0,-7.85,-0.17,2,0,0.0,0,0.0,0.13040378381339904,0,-0.41518467497742384,PRA000564,0,0,0,0,0,0,NONE
PRA000565,26,Kine,1,329,5529,16.81,37,8.17,8.41,0.91,179,30.89,56,0,21.49,41.87,231480.0,0.0,-11.43,-0.17,2,0,0.0,0,0.0,0.09754567640869485,0,-0.40300879706712867,PRA000565,0,0,0,0,0,0,NONE
PRA000566,26,Kine,1,333,5415,16.26,37,8.07,8.59,0.05,187,28.96,53,0,10.19,41.97,227282.4,0.0,-11.2,-0.17,2,0,0.0,0,0.0,0.029517503159363075,0,-0.377800323501007,PRA000566,0,0,0,0,0,0,NONE
PRA000567,26,Kine,1,328,5293,16.14,37,7.67,8.62,-0.14,199,26.6,89,0,16.76,42.01,222345.6,0.0,-14.69,-0.17,2,0,0.0,0,0.0,0.07275993105979599,0,-0.3938242081446196,PRA000567,0,0,0,0,0,0,NONE
PRA000568,26,Kine,1,329,5344,16.24,40,8.07,8.42,0.02,170,31.44,43,0,13.83,42.02,224570.4,0.0,-9.26,-0.17,2,0,0.0,0,0.0,0.07537044057380049,0,-0.3947915567729107,PRA000568,0,0,0,0,0,0,NONE
PRA000569,26,Kine,1,326,6374,19.55,83,11.22,8.53,5.22,224,28.46,76,0,10.32,41.99,267621.6,0.0,22.85,-0.17,2,0,0.0,0,0.0,0.5609537510803552,1,-0.5747289777321685,PRA000569,1,1,0,0,0,0,HIGH
PRA000570,26,Kine,1,331,5413,16.35,45,8.24,8.76,0.19,212,25.53,78,0,12.29,41.94,227018.4,0.0,-13.04,-0.17,2,0,0.0,0,0.0,0.05468525195102858,0,-0.38712646735920214,PRA000570,0,0,0,0,0,0,NONE
PRA000571,26,Kine,1,329,5380,16.35,38,8.05,8.48,0.19,216,24.91,91,0,20.61,41.98,225844.8,0.0,-11.85,-0.17,2,0,0.0,0,0.0,0.06831046473662938,0,-0.39217541693307556,PRA000571,0,0,0,0,0,0,NONE
PRA000572,26,Kine,1,333,5450,16.37,36,8.15,8.17,0.22,198,27.53,2,0,14.02,42.02,229015.2,0.0,-11.4,-0.17,2,0,0.0,0,0.0,0.0819369189275745,0,-0.3972248265212682,PRA000572,0,0,0,0,0,0,NONE
PRA000573,26,Kine,1,333,5267,15.82,39,8.09,9.06,-0.64,187,28.17,46,0,14.7,42.0,221224.8,0.0,-7.95,-0.17,2,0,0.0,0,0.0,0.07397510413465895,0,-0.39427450185195867,PRA000573,0,0,0,0,0,0,NONE
PRA000574,26,Kine,1,331,5271,15.92,39,7.89,8.94,-0.48,188,28.04,82,0,13.91,42.04,221580.0,0.0,-6.61,-0.17,2,0,0.0,0,0.0,0.11451067087424989,0,-0.40929533386662365,PRA000574,0,0,0,0,0,0,NONE
PRA000575,26,Kine,1,334,5444,16.3,42,7.97,8.95,0.11,198,27.49,28,0,13.54,41.92,228223.2,0.0,-9.03,-0.17,2,0,0.0,0,0.0,0.03331391298398703,0,-0.3792071185410478,PRA000575,0,0,0,0,0,0,NONE
PRA000576,26,Kine,1,334,5456,16.34,36,8.3,8.5,0.18,199,27.42,50,0,17.89,41.94,228835.2,0.0,-12.03,-0.17,2,0,0.0,0,0.0,0.021723091347130873,0,-0.3749120315662526,PRA000576,0,0,0,0,0,0,NONE
PRA000577,26,Kine,1,327,5365,16.41,43,7.64,9.13,0.29,204,26.3,52,0,13.2,41.98,225240.0,0.0,-11.55,-0.17,2,0,0.0,0,0.0,0.048282412644187686,0,-0.38475383558467174,PRA000577,0,0,0,0,0,0,NONE
PRA000578,26,Kine,1,336,5391,16.04,44,8.43,8.33,-0.29,218,24.73,116,0,13.5,41.94,226123.2,0.0,-11.97,-0.17,2,0,0.0,0,0.0,0.11243913838078323,0,-0.4085277081961309,PRA000578,0,0,0,0,0,0,NONE
PRA000579,26,Kine,1,332,5360,16.14,38,7.94,8.68,-0.14,174,30.8,23,0,12.93,41.93,224752.8,0.0,-11.73,-0.17,2,0,0.0,0,0.0,0.07081627716385883,0,-0.3931039690801684,PRA000579,0,0,0,0,0,0,NONE
PRA000580,26,Kine,1,330,5462,16.55,38,8.16,8.92,0.51,193,28.3,21,0,15.82,42.05,229699.2,0.0,-12.33,-0.17,2,0,0.0,0,0.0,0.05093652470588567,0,-0.3857373415433518,PRA000580,0,0,0,0,0,0,NONE
PRA000581,26,Kine,1,333,5247,15.76,40,7.95,8.71,-0.73,192,27.33,51,0,14.03,42.03,220536.0,0.0,-17.77,-0.17,2,0,0.0,0,0.0,0.06104748612469942,0,-0.38948405252322876,PRA000581,0,0,0,0,0,0,NONE
PRA000582,26,Kine,1,328,5343,16.29,40,8.04,8.46,0.1,207,25.81,9,0,13.74,41.96,224208.0,0.0,-15.24,-0.17,2,0,0.0,0,0.0,0.046787348434074574,0,-0.3841998256088025,PRA000582,0,0,0,0,0,0,NONE
PRA000583,26,Kine,1,333,5456,16.38,43,8.45,8.69,0.24,220,24.8,70,0,16.44,42.0,229130.4,0.0,-10.2,-0.17,2,0,0.0,0,0.0,0.042410943546167555,0,-0.3825781079929685,PRA000583,0,0,0,0,0,0,NONE
PRA000584,26,Kine,1,331,5259,15.89,36,8.02,8.99,-0.53,206,25.53,13,0,18.39,42.0,220874.4,0.0,-14.5,-0.17,2,0,0.0,0,0.0,0.05027861317642624,0,-0.38549354629489735,PRA000584,0,0,0,0,0,0,NONE
PRA000585,26,Kine,1,333,5359,16.09,38,7.87,8.57,-0.22,175,30.62,33,0,12.04,42.12,225736.8,0.0,-13.47,-0.17,2,0,0.0,0,0.0,0.07705985719220136,0,-0.3954175858448812,PRA000585,0,0,0,0,0,0,NONE
PRA000586,26,Kine,1,336,5325,15.85,34,7.85,8.62,-0.59,203,26.23,22,0,17.52,41.99,223574.4,0.0,-16.1,-0.17,2,0,0.0,0,0.0,0.057893081974434615,0,-0.38831515866880506,PRA000586,0,0,0,0,0,0,NONE
PRA000587,26,Kine,1,337,5209,15.46,37,7.81,8.7,-1.2,210,24.8,36,0,16.47,41.91,218335.2,0.0,-13.74,-0.17,2,0,0.0,0,0.0,0.08338728509981598,0,-0.3977622732226539,PRA000587,0,0,0,0,0,0,NONE
PRA000588,26,Kine,1,337,5368,15.93,38,8.11,9.22,-0.47,192,27.96,30,0,18.35,41.92,225024.0,0.0,-12.63,-0.17,2,0,0.0,0,0.0,0.04919500163625614,0,-0.3850920039402878,PRA000588,0,0,0,0,0,0,NONE
PRA000589,26,Kine,1,332,5229,15.75,34,7.71,8.76,-0.75,198,26.41,55,0,16.45,41.97,219456.0,0.0,-11.92,-0.17,2,0,0.0,0,0.0,0.0420667028053745,0,-0.38245054637841713,PRA000589,0,0,0,0,0,0,NONE
PRA000590,26,Kine,1,326,5337,16.37,36,8.14,8.62,0.22,201,26.55,35,0,10.44,42.04,224366.4,0.0,-9.7,-0.17,2,0,0.0,0,0.0,0.026045104708309775,0,-0.37651359389497163,PRA000590,0,0,0,0,0,0,NONE
PRA000591,26,Kine,1,332,5362,16.15,39,8.12,8.78,-0.12,194,27.64,30,0,13.8,42.0,225218.4,0.0,-12.14,-0.17,2,0,0.0,0,0.0,0.012669164204535842,0,-0.371557014488149,PRA000591,0,0,0,0,0,0,NONE
PRA000592,26,Kine,1,335,5297,15.81,37,7.91,9.16,-0.66,214,24.75,72,0,19.31,41.96,222283.2,0.0,-9.13,-0.17,2,0,0.0,0,0.0,0.07411594120277767,0,-0.39432669034003975,PRA000592,0,0,0,0,0,0,NONE
PRA000593,26,Kine,1,331,5193,15.69,37,7.58,8.7,-0.84,189,27.48,44,0,18.47,41.99,218037.6,0.0,-10.52,-0.17,2,0,0.0,0,0.0,0.053434773789268836,0,-0.3866630910228981,PRA000593,0,0,0,0,0,0,NONE
PRA000594,26,Kine,1,336,5453,16.23,36,8.1,8.64,0.0,194,28.11,13,0,15.9,41.96,228813.6,0.0,-12.95,-0.17,2,0,0.0,0,0.0,0.0366064217636885,0,-0.3804271883529348,PRA000594,0,0,0,0,0,0,NONE
PRA000595,26,Kine,1,329,5342,16.24,40,8.21,8.22,0.02,195,27.39,71,0,17.71,42.03,224529.6,0.0,-10.91,-0.17,2,0,0.0,0,0.0,0.051342938614531194,0,-0.3858879420046555,PRA000595,0,0,0,0,0,0,NONE
PRA000596,26,Kine,1,329,5345,16.25,40,7.9,8.89,0.04,205,26.07,22,0,16.24,41.98,224356.8,0.0,-13.69,-0.17,2,0,0.0,0,0.0,0.031003956275616827,0,-0.3783511425557981,PRA000596,0,0,0,0,0,0,NONE
PRA000597,26,Kine,1,336,5349,15.92,40,8.13,8.84,-0.48,196,27.29,47,0,16.28,41.98,224539.2,0.0,-11.39,-0.17,2,0,0.0,0,0.0,0.01541779766383438,0,-0.37257554623157435,PRA000597,0,0,0,0,0,0,NONE
PRA000598,26,Kine,1,334,5246,15.71,41,8.0,9.13,-0.81,182,28.82,78,0,17.44,41.92,219921.6,0.0,-8.5,-0.17,2,0,0.0,0,0.0,0.10467423016698056,0,-0.40565034909472464,PRA000598,0,0,0,0,0,0,NONE
PRA000599,26,Kine,1,334,5290,15.84,40,7.84,9.38,-0.61,198,26.72,89,0,16.65,41.98,222050.4,0.0,-10.1,-0.17,2,0,0.0,0,0.0,0.11056116033680237,0,-0.4078318059306689,PRA000599,0,0,0,0,0,0,NONE
PRA000600,26,Kine,1,329,5247,15.95,38,7.77,9.13,-0.44,210,24.99,66,0,13.07,42.0,220384.8,0.0,-11.6,-0.17,2,0,0.0,0,0.0,0.057570969003178395,0,-0.38819579670546883,PRA000600,0,0,0,0,0,0,NONE
